map_id,ott_id,species_name,ref_id,map_length_cM,map_sex,map_length_female_cM,map_length_male_cM,n_markers,n_linkage_groups,haploid_chromosome_number,mapping_population_n,genome_size_mb,genome_size_id,genome_size_method,map_length_extrapolated_cM,rate_as_published_cM_per_Mb,qc_few_markers,qc_lg_hcn_mismatch,qc_duplicate_of_other_record,passes_2017_criteria,in_published_353,from_corbett_detig_2015,needs_reference,source_row,source_first_author,source_year
RM0001,ott444202,Acacia mangium,butcher2000,966.0,sex_averaged,834.0,795.0,252.0,13.0,13.0,26.0,635.7,GS0001,c_value,1548.0,,False,False,False,True,True,False,False,1,Butcher,2000
RM0002,ott735589,Acromyrmex echinatior,sirvio2006,2033.8,sex_averaged,,,145.0,22.0,19.0,,335.0,GS0002,estimate_unspecified,2076.0,6.2,False,False,False,True,True,False,False,2,Sirvio,2011
RM0003,ott718262,Acropora millepora,wang2009a,1391.0,sex_averaged,1185.8,945.5,429.0,14.0,14.0,,420.0,GS0618,other_literature,1493.0,,False,False,False,True,True,False,False,3,Wang,2009
RM0004,ott279981,Actinidia chinensis,scaglione2015,3445.0,sex_averaged,3614.0,3276.0,6112.0,29.0,29.0,94.0,1408.32,GS0004,estimate_unspecified,,,False,False,False,True,True,False,False,4,Scaglione,2015
RM0005,ott279954,Actinidia rufa,zhang2015,2651.0,sex_averaged,,,2426.0,29.0,29.0,,,,,,,False,False,False,True,False,False,False,5,Zhang,2015
RM0006,ott814484,Acyrthosiphon pisum,hawthorne2001a,394.0,sex_averaged,,,173.0,4.0,5.0,,165.0,GS0619,other_literature,,4.8,False,False,False,True,True,False,False,6,Hawthorne,2001
RM0007,ott269666,Aedes aegypti,juneja2014,235.0,sex_averaged,,,2000.0,3.0,3.0,99.0,942.14,GS0006,c_value,,0.291,False,False,False,True,True,False,False,7,Juneja,2014
RM0008,ott793181,Aedes albopictus,sutherland2010,212.6,sex_averaged,,,73.0,3.0,3.0,,1090.47,GS0008,c_value,,,False,False,False,True,True,False,False,8,Sutherland,2011
RM0009,ott327444,Aegilops sharonensis,olivera2013,818.0,sex_averaged,,,401.0,10.0,7.0,179.0,6894.9,GS0009,estimate_unspecified,,,False,False,False,True,True,False,False,9,Olivera,2013
RM0010,ott881533,Aegilops tauschii,luo2013,1374.4,sex_averaged,,,7185.0,7.0,7.0,1102.0,4327.21,GS0011,estimate_unspecified,,0.32,False,False,False,True,True,False,False,10,Luo,2013
RM0011,ott790374,Aegilops umbellulata,edae2017,948.72,sex_averaged,,,3009.0,7.0,7.0,140.0,4938.9,GS0012,c_value,,,False,False,False,True,True,False,False,11,Edae,2017
RM0012,ott564405,Agaricus bisporus,foulongneoriol2010,1156.0,sex_averaged,,,231.0,13.0,13.0,,30.2337,GS0014,estimate_unspecified,,,False,False,False,True,True,False,False,12,Foulogne-Oriol,2010
RM0013,ott583561,Agaricus subrufescens,foulongneoriol2016,1701.0,sex_averaged,,,202.0,16.0,,,,,,,,False,False,False,,False,False,False,13,Foulogne-Oriol,2016
RM0014,ott550221,Agrostis capillaris,rotter2009,1156.0,sex_averaged,,,212.0,14.0,14.0,93.0,4000.02,GS0015,estimate_unspecified,,,False,False,False,True,True,False,False,14,Rotter,2009
RM0015,ott307879,Agrostis stolonifera,honig2014,1424.0,sex_averaged,,,385.0,14.0,14.0,95.0,3423.0,GS0016,estimate_unspecified,,,False,False,False,True,True,False,False,15,Honig,2014
RM0016,ott781600,Allium cepa,baldwin2012,808.0,sex_averaged,,,93.0,8.0,9.0,92.0,16381.5,GS0017,estimate_unspecified,,,False,False,False,True,True,False,False,16,Baldwin,2012
RM0017,ott856720,Allium fistulosum,tsukazaki2012,1670.0,sex_averaged,,,268.0,17.0,8.0,119.0,12254.34,GS0018,estimate_unspecified,,,False,True,False,False,False,False,False,17,Tsukazaki,2012
RM0018,ott317810,Amaranthus hybridus,maughan2011,1288.0,sex_averaged,,,411.0,16.0,16.0,134.0,616.14,GS0019,c_value,,,False,False,False,True,True,False,False,18,Maughan,2011
RM0019,ott1092552,Ambystoma tigrinum,smith2005,5251.3,sex_averaged,,,790.0,14.0,14.0,,30875.46,GS0020,estimate_unspecified,,,False,False,False,True,True,False,False,19,Smith,2005
RM0020,ott513777,Amphilophus astorquii,recknagel2013,1427.0,sex_averaged,,,755.0,25.0,24.0,343.0,,,,,,False,False,False,True,False,False,False,20,Recknagel,2013
RM0021,ott1016450,Amylostereum areolatum,vandernest2009,1693.0,sex_averaged,,,204.0,14.0,,80.0,,,,,,False,False,False,,False,False,False,21,vanderNest,2009
RM0022,ott627039,Ananas comosus,desousa2013,2113.0,sex_averaged,,,741.0,28.0,25.0,,537.9,GS0022,c_value,,7.624,False,False,False,True,True,False,False,22,deSousa,2013
RM0023,ott765167,Anas platyrhynchos,huang2009,1766.0,sex_averaged,,,260.0,32.0,40.0,766.0,1375.72,GS0024,c_value,,,False,False,False,True,True,False,False,23,Huang,2009
RM0024,ott854198,Anguilla japonica,kai2014,1436.5,sex_averaged,1527.0,1346.0,2787.0,19.0,19.0,,1151.14,GS0026,estimate_unspecified,,,False,False,False,True,True,False,False,24,Kai,2014
RM0025,ott286257,Anopheles funestus,wondji2007,145.0,sex_averaged,,,56.0,3.0,3.0,349.0,225.224,GS0028,estimate_unspecified,,,False,False,False,True,True,False,False,25,Wondji,2007
RM0026,ott553555,Anopheles gambiae,zheng1996,166.1,sex_averaged,,,38.0,,3.0,,264.06,GS0030,c_value,,0.836531543000713,True,False,False,,False,True,False,26,Corbet-Detig,2015
RM0027,ott441856,Anoplopoma fimbria,rondeau2013,1332.8,sex_averaged,1610.0,860.4,360.0,24.0,24.0,,757.95,GS0032,c_value,,,False,False,False,True,True,False,False,27,Rondeau,2013
RM0028,ott319626,Anthurium andreanum,venkat2014,1023.5,sex_averaged,,,78.0,12.0,15.0,43.0,4694.4,GS0033,c_value,1584.5,,False,False,False,True,True,False,False,28,Venkat,2014
RM0029,ott3999598,Anthurium ornatum,venkat2014,1233.5,sex_averaged,,,85.0,10.0,15.0,43.0,,,,1395.5,,False,False,False,True,False,False,False,29,Venkat,2014
RM0030,ott625771,Apis cerana,shi2013,574.5,sex_averaged,,,1535.0,19.0,16.0,103.0,185.82,GS0035,c_value,,17.4,False,False,False,True,True,False,False,30,Shi,2013
RM0031,ott461645,Apis mellifera,solignac2007,2145.0,sex_averaged,,,1163.0,,16.0,,229.83,GS0037,c_value,,9.88665072477654,False,False,False,,False,True,False,31,Corbet-Detig,2015
RM0032,ott461645,Apis mellifera,solignac2007,4115.0,sex_averaged,,,2008.0,16.0,16.0,,229.83,GS0037,c_value,,16.0,False,False,False,True,True,False,False,32,Wilfert,2007
RM0033,ott721060,Apostichopus japonicus,tian2015,3706.6,sex_averaged,3728.9,1824.3,7839.0,22.0,22.0,,664.37,GS0039,estimate_unspecified,,0.129,False,False,False,True,True,False,False,33,Tian,2015
RM0034,ott152273,Arabidopsis halleri,willems2007,567.0,sex_averaged,,,85.0,8.0,8.0,196.0,234.72,GS0041,estimate_unspecified,,,False,False,False,True,True,False,False,34,Willems,2007
RM0035,ott309263,Arabidopsis thaliana,singer2006,422.5,sex_averaged,,,666.0,5.0,5.0,,123.5,GS0043,c_value,,4.211,False,False,True,True,False,True,False,35,Corbet-Detig,2015
RM0036,ott309263,Arabidopsis thaliana,singer2006,422.5,sex_averaged,,,666.0,5.0,5.0,,123.5,GS0043,c_value,,4.211,False,False,False,True,True,False,False,36,Singer,2015
RM0037,ott607569,Arachis duranensis,nagy2010,1081.3,sex_averaged,,,1724.0,10.0,10.0,,1242.06,GS0045,estimate_unspecified,,,False,False,False,True,True,False,False,37,Nagy,2010
RM0038,ott39541,Arachis hypogaea,zhou2014,1446.7,sex_averaged,,,1685.0,20.0,20.0,166.0,2806.86,GS0046,estimate_unspecified,,,False,False,False,True,True,False,False,38,Zhou,2014
RM0039,ott887220,Argopecten irradians,li2012,849.3,sex_averaged,779.2,781.6,161.0,16.0,16.0,,1173.6,GS0047,c_value,,,False,False,False,True,True,False,False,39,Li,2012
RM0040,ott429101,Aristichthys nobilis,zhu2014,1917.3,sex_averaged,1814.6,1620.0,659.0,24.0,24.0,,865.53,GS0048,c_value,,,False,False,False,True,True,False,False,40,Zhu,2014
RM0041,ott59094,Artemia franciscana,devos2013,1177.0,sex_averaged,1313.0,1041.0,433.0,21.0,21.0,,948.66,GS0049,c_value,,,False,False,False,True,True,False,False,41,DeVos,2013
RM0042,ott5712886,Ascochyta rabiei,phan2003,1271.0,sex_averaged,,,126.0,18.0,14.0,96.0,34.6583,GS0051,estimate_unspecified,,,False,False,False,True,True,False,False,42,Phan,2003
RM0043,ott117339,Aspergillus nidulans,christians2011,3624.7,sex_averaged,,,739.0,8.0,8.0,61.0,30.2427,GS0053,estimate_unspecified,3705.0,,False,False,False,True,True,False,False,43,Christians,2011
RM0044,ott710025,Astatotilapia burtoni,sanetra2009,1249.3,sex_averaged,,,204.0,25.0,20.0,167.0,948.66,GS0054,c_value,,,False,False,False,True,True,False,False,44,Sanetra,2009
RM0045,ott701518,Astyanax mexicanus,carlson2015,2110.7,sex_averaged,,,2235.0,25.0,25.0,170.0,1191.24,GS0056,estimate_unspecified,,,False,False,False,True,True,False,False,45,Carlson,2015
RM0046,ott106278,Athalia rosae,nishimori2000,517.2,sex_averaged,,,61.0,16.0,8.0,40.0,163.838,GS0058,estimate_unspecified,,,False,True,False,False,False,False,False,46,Nishimori,2000
RM0047,ott790381,Avena sativa,chaffin2016,2843.0,sex_averaged,,,7202.0,21.0,21.0,,12938.94,GS0060,c_value,,,False,False,False,True,True,False,False,47,Chafffin,2016
RM0048,ott227727,Bactrocera cucurbitae,sim2017,646.0,sex_averaged,,,944.0,5.0,5.0,166.0,373.0,GS0061,estimate_unspecified,,,False,False,False,True,True,False,False,48,Sim,2017
RM0049,ott35910,Barbarea vulgaris,kuzina2011,889.0,sex_averaged,,,131.0,8.0,8.0,129.0,167.352,GS0062,assembly_or_direct,,,False,False,False,True,True,False,False,49,Kuzina,2011
RM0050,ott434483,Begonia plebeja,brennan2012,1099.0,sex_averaged,,,225.0,14.0,14.0,255.0,616.14,GS0064,estimate_unspecified,,,False,False,False,True,True,False,False,50,Brennan,2012
RM0051,ott273185,Beta vulgaris,laurent2007,555.0,sex_averaged,,,284.0,9.0,9.0,92.0,1222.5,GS0066,estimate_unspecified,,,False,False,False,True,True,False,False,51,Laurent,2007
RM0052,ott267719,Betula pendula,jiang2010,2489.7,sex_averaged,,,226.0,23.0,14.0,80.0,1369.2,GS0067,c_value,3097.2,1.008,False,False,False,True,True,False,False,52,Jiang,2011
RM0053,ott731671,Betula platyphylla,jiang2010,2864.5,sex_averaged,,,226.0,24.0,14.0,80.0,,,,3552.7,86.2,False,True,False,False,False,False,False,53,Jiang,2011
RM0054,ott559934,Bicyclus anynana,beldade2009,1642.2,sex_averaged,,,297.0,27.0,28.0,288.0,479.22,GS0068,c_value,,,False,False,False,True,True,False,False,54,Beldade,2009
RM0055,ott907693,Bison bison,schnabel2003,2647.0,sex_averaged,,,292.0,29.0,30.0,,4792.2,GS0070,c_value,,,False,False,False,True,True,False,False,55,Schnabel,2003
RM0056,ott968114,Biston betularia,vanthof2012,1638.0,sex_averaged,,,227.0,31.0,31.0,73.0,500.0,GS0071,assembly_or_direct,,,False,False,False,True,True,False,False,56,VantHof,2013
RM0057,ott555363,Blumeria graminis,pedersen2002,2114.0,sex_averaged,,,359.0,34.0,,81.0,118.726,GS0073,estimate_unspecified,,,False,False,False,,False,False,False,57,Pedersen,2002
RM0058,ott594991,Boehmeria nivea,liu2014,2265.1,sex_averaged,,,142.0,18.0,14.0,147.0,716.0,GS0074,assembly_or_direct,,,False,False,False,True,True,False,False,58,Liu,2014
RM0059,ott161197,Bombus terrestris,stolle2011,2047.0,sex_averaged,,,516.0,18.0,18.0,,518.34,GS0076,c_value,,4.4,False,False,False,True,True,False,False,59,Stolle,2011
RM0060,ott440274,Bombyx mori,zhan2009a,685.25,sex_averaged,,,1604.0,,28.0,,513.45,GS0078,c_value,,1.49298365007623,False,False,False,,False,True,False,60,Corbet-Detig,2015
RM0061,ott440274,Bombyx mori,zhan2009a,3320.0,sex_averaged,,,692.0,27.0,28.0,,513.45,GS0078,c_value,,,False,False,False,True,True,False,False,61,Zhan,2009
RM0062,ott490099,Bos taurus,ihara2004,3097.366,sex_averaged,,,5499.0,,31.0,,3537.1,GS0081,c_value,,1.26304440926021,False,False,False,,False,True,False,62,Corbet-Detig,2015
RM0063,ott490099,Bos taurus,ihara2004,3159.1,sex_averaged,,,3960.0,29.0,31.0,,3537.1,GS0082,estimate_unspecified,,29.0,False,False,False,True,True,False,False,63,Ihara,2004
RM0064,ott413237,Brachypodium distachyon,huo2011,1598.0,sex_averaged,,,556.0,,5.0,,352.08,GS0084,estimate_unspecified,,6.01348055256947,False,False,False,,False,True,False,64,Corbet-Detig,2015
RM0065,ott41113,Bracon hebetor,holloway2000,536.1,sex_averaged,,,71.0,10.0,10.0,159.0,165.0,GS0085,estimate_unspecified,,,False,False,False,True,True,False,False,65,Holloway,2001
RM0066,ott240937,Brassica campestris,cheng2009,973.3,sex_averaged,,,268.0,10.0,10.0,,567.24,GS0086,estimate_unspecified,,,False,False,False,True,True,False,False,66,Cheng,2009
RM0067,ott749459,Brassica carinata,zou2014,2048.0,sex_averaged,,,1366.0,17.0,17.0,,1545.24,GS0087,estimate_unspecified,,,False,False,False,True,True,False,False,67,Zou,2014
RM0068,ott309279,Brassica juncea,zou2016,1579.0,sex_averaged,,,3329.0,18.0,18.0,,1496.34,GS0089,estimate_unspecified,,,False,False,False,True,True,False,False,68,Zou,2016
RM0069,ott309234,Brassica napus,zhang2016a,1917.9,sex_averaged,,,1826.0,19.0,19.0,202.0,1124.7,GS0091,estimate_unspecified,,,False,False,False,True,True,False,False,69,Zhang,2016
RM0070,ott833642,Brassica oleracea,zhao2016a,890.01,sex_averaged,,,2741.0,8.0,9.0,,762.8,GS0093,c_value,,2.11,False,False,False,True,True,False,False,70,Zhao,2016
RM0071,ott833632,Brassica rapa,yu2016,858.98,sex_averaged,,,3688.0,10.0,10.0,,782.4,GS0095,estimate_unspecified,,,False,False,False,True,True,False,False,71,Yu,2016
RM0072,ott395053,Caenorhabditis briggsae,ross2011,484.4527,sex_averaged,,,,,6.0,,108.384,GS0097,estimate_unspecified,,6.13822501209931,False,False,False,,False,True,False,72,Corbet-Detig,2015
RM0073,ott395048,Caenorhabditis elegans,yook2011,233.287,sex_averaged,,,5220.0,,6.0,,100.286,GS0099,estimate_unspecified,,2.83413845735893,False,False,False,,False,True,False,73,Corbet-Detig,2015
RM0074,ott612448,Cajanus cajan,bohra2012,1059.0,sex_averaged,,,339.0,11.0,11.0,188.0,860.64,GS0101,estimate_unspecified,,,False,False,False,True,True,False,False,74,Bohra,2012
RM0075,ott615108,Callitris glaucophylla,sakaguchi2015,5362.0,sex_averaged,,,7565.0,11.0,11.0,55.0,,,,,,False,False,False,True,False,False,False,75,Sakaguchi,2015
RM0076,ott776348,Camelina sativa,gehringer2006,1385.6,sex_averaged,,,160.0,20.0,20.0,,641.356,GS0103,estimate_unspecified,,,False,False,False,True,True,False,False,76,Gehringer,2006
RM0077,ott1058509,Camellia sinensis,taniguchi2012,1218.0,sex_averaged,,,1124.0,15.0,15.0,,3814.2,GS0104,c_value,,0.354,False,False,False,True,True,False,False,77,Taniguchi,2012
RM0078,ott247341,Canis lupus,wong2010,2084.8,sex_averaged,,,3065.0,,39.0,,2748.18,GS0106,c_value,,0.970384921355155,False,False,False,,False,True,False,78,Corbet-Detig,2015
RM0079,ott247341,Canis lupus,wong2010,2085.1,sex_averaged,2387.7,1910.0,3549.0,39.0,39.0,,2748.18,GS0106,c_value,,0.97,False,False,False,True,True,False,False,79,Wong,2010
RM0080,ott19017,Capra hircus,schibler1998,2737.0,sex_averaged,,,284.0,40.0,30.0,430.0,3168.72,GS0108,c_value,3100.0,,False,False,False,True,True,False,False,80,Schibler,1998
RM0081,ott833644,Capsella bursa-pastoris,linde2001,1064.4,sex_averaged,,,114.0,17.0,16.0,113.0,391.2,GS0110,c_value,,,False,False,False,True,True,False,False,81,Linde,2001
RM0082,ott19798,Capsella rubella,slotte2012,381.82633647,sex_averaged,,,877.0,,8.0,,215.16,GS0112,estimate_unspecified,,3.21595887311511,False,False,False,,False,True,False,82,Corbet-Detig,2015
RM0083,ott473836,Capsicum annuum,han2016,1372.0,sex_averaged,,,2578.0,12.0,12.0,120.0,3090.48,GS0114,estimate_unspecified,,,False,False,False,True,True,False,False,83,Han,2016
RM0084,ott232458,Capsicum baccatum,lee2016,1056.0,sex_averaged,,,395.0,12.0,12.0,94.0,3628.38,GS0115,estimate_unspecified,,,False,False,False,True,True,False,False,84,Lee,2016
RM0085,ott1005907,Carassius auratus,kuang2016,5252.0,sex_averaged,,,8521.0,50.0,50.0,79.0,1643.04,GS0116,estimate_unspecified,,,False,False,False,True,True,False,False,85,Kuang,2016
RM0086,ott429474,Carica papaya,chen2007,1069.9,sex_averaged,,,707.0,12.0,18.0,54.0,372.0,GS0118,c_value,,1.526,False,False,False,True,True,False,False,86,Chen,2007
RM0087,ott1061541,Carthamus tinctorius,bowers2016,959.44,sex_averaged,,,57388.0,12.0,12.0,96.0,1369.2,GS0120,estimate_unspecified,,,False,False,False,True,True,False,False,87,Bowers,2016
RM0088,ott540978,Castanea mollissima,kubisiak2012,743.0,sex_averaged,,,1393.0,12.0,12.0,337.0,833.241,GS0122,estimate_unspecified,,,False,False,False,True,True,False,False,88,Kubisiak,2013
RM0089,ott524094,Catharanthus roseus,sharma2012,1790.4,sex_averaged,,,564.0,8.0,6.0,187.0,2376.5,GS0124,c_value,,0.488,False,False,False,True,True,False,False,89,Sharma,2011
RM0090,ott780217,Ceratopteris richardii,nakazato2006,2178.8,sex_averaged,,,729.0,41.0,39.0,,11294.0,GS0125,estimate_unspecified,2450.9,4.6,False,False,False,True,True,False,False,90,Nakazato,2006
RM0091,ott936014,Cervus elaphus,johnston2017,2739.7,sex_averaged,2767.4,2280.8,38038.0,34.0,34.0,2880.0,,,,,,False,False,False,True,False,False,False,91,Johnston,2017
RM0092,ott117198,Chenopodium quinoa,maughan2012,1404.0,sex_averaged,,,14689.0,20.0,18.0,,1447.44,GS0127,estimate_unspecified,,,False,False,False,True,True,False,False,92,Maughan,2012
RM0093,ott324777,Chimonanthus praecox,chen2010a,1801.0,sex_averaged,2417.8,1184.2,84.0,12.0,11.0,,600.0,GS0620,other_literature,,,False,False,False,True,True,False,False,93,Chen,2010
RM0094,ott33153,Chlamydomonas reinhardtii,kathir2003,1000.0,sex_averaged,,,264.0,17.0,17.0,,120.405,GS0129,estimate_unspecified,,,False,False,False,True,True,False,False,94,Kathir,2003
RM0095,ott56422,Chlamys farreri,zhan2009b,1561.8,sex_averaged,,,154.0,19.0,19.0,,1244.016,GS0130,c_value,,,False,False,False,True,True,False,False,95,Zhan,2009
RM0096,ott1002218,Chlamys noblis,yuan2010,1608.8,sex_averaged,1698.6,1519.0,117.0,16.0,16.0,,,,,,,False,False,False,True,False,False,False,96,Yuan,2010
RM0097,ott3899190,Chrysanthemum morifolium,zhang2010,2873.0,sex_averaged,,,342.0,55.0,27.0,142.0,8635.74,GS0131,estimate_unspecified,,,False,True,False,False,False,False,False,97,Zhang,2011
RM0098,ott612429,Cicer arietinum,gaur2015,1083.93,sex_averaged,,,6714.0,8.0,8.0,,929.1,GS0133,estimate_unspecified,,,False,False,False,True,True,False,False,98,Gaur,2015
RM0099,ott744224,Ciona intestinalis,kano2006,4218.9,sex_averaged,,,276.0,14.0,14.0,50.0,150.0,GS0621,other_literature,6199.8,,False,False,False,True,True,False,False,99,Kano,2007
RM0100,ott677382,Ciona savignyi,hill2008,650.0,sex_averaged,,,110.0,14.0,14.0,48.0,170.0,GS0622,other_literature,783.0,200.0,False,False,False,True,True,False,False,100,Hill,2008
RM0101,ott1006251,Citrullus lanatus,reddy2014,799.3,sex_averaged,,,922.0,,11.0,,440.1,GS0135,estimate_unspecified,,2.45310944819569,False,False,False,,False,True,False,101,Corbet-Detig,2015
RM0102,ott1006251,Citrullus lanatus,reddy2014,1096.0,sex_averaged,,,10480.0,11.0,11.0,,440.1,GS0134,other_literature,,,False,False,False,True,True,False,False,102,Reddy,2014
RM0103,ott236255,Citrus clementina,ollitrault2012,1084.08,sex_averaged,,,517.0,,9.0,,469.44,GS0139,estimate_unspecified,,3.82954812967632,False,False,False,,False,True,False,103,Corbet-Detig,2015
RM0104,ott236255,Citrus clementina,ollitrault2012,1084.1,sex_averaged,,,961.0,9.0,9.0,,301.365,GS0141,estimate_unspecified,,,False,False,False,True,True,False,False,104,Ollitrault,2012
RM0105,ott3942433,Citrus sinensis,guo2015a,976.58,sex_averaged,,,1563.0,9.0,9.0,124.0,490.956,GS0143,c_value,,5.236,False,False,False,True,True,False,False,105,Guo,2015
RM0106,ott1011450,Citrus unshiu,,990.9,sex_averaged,,,706.0,9.0,9.0,87.0,,,,,,False,False,False,True,False,False,True,106,Shimada,2014
RM0107,ott192116,Clunio marinus,kaiser2012,179.65,sex_averaged,167.2,192.1,344.0,3.0,3.0,54.0,95.0,GS0146,estimate_unspecified,,,False,False,False,True,True,False,False,107,Kaiser,2012
RM0108,ott4930749,Cochliobus sativus,zhong2002,849.4,sex_averaged,,,158.0,27.0,15.0,104.0,33.4,GS0147,estimate_unspecified,1329.0,25.0,False,True,False,False,False,False,False,108,Zhong,2002
RM0109,ott366250,Cocos nucifera,riedel2008,2739.0,sex_averaged,,,704.0,16.0,16.0,94.0,3107.106,GS0148,c_value,,1.138,False,False,False,True,True,False,False,109,Riedel,2009
RM0110,ott1001050,Coffea arabica,moncada2015,3800.0,sex_averaged,,,848.0,22.0,22.0,278.0,1173.6,GS0149,estimate_unspecified,,,False,False,False,True,True,False,False,110,Moncada,2016
RM0111,ott5304351,Coprinus cinereus,muraguchi2003,1346.0,sex_averaged,,,219.0,13.0,13.0,40.0,37.5,GS0623,other_literature,,37.5,False,False,False,True,True,False,False,111,Muraguchi,2003
RM0112,ott679189,Corchorus capsularis,biswas2015,2016.0,sex_averaged,,,705.0,9.0,7.0,,586.8,GS0151,estimate_unspecified,,,False,False,False,True,True,False,False,112,Biswass,2015
RM0113,ott578269,Corchorus olitorius,kundu2015,358.5,sex_averaged,,,503.0,7.0,7.0,,909.54,GS0153,estimate_unspecified,,0.72,False,False,False,True,True,False,False,113,Kundu,2015
RM0114,ott629345,Coregonus clupeaformis,gagnaire2012,3061.0,sex_averaged,,,3438.0,40.0,40.0,102.0,2386.32,GS0154,c_value,,,False,False,False,True,True,False,False,114,Gagnaire,2013
RM0115,ott148264,Cornus florida,wang2008a,1175.0,sex_averaged,,,255.0,11.0,7.0,94.0,1545.24,GS0155,c_value,,,False,False,False,True,True,False,False,115,Wang,2009
RM0116,ott803622,Coturnix japonica,kikuchi2005,2816.0,sex_averaged,,,1735.0,21.0,32.0,,1320.3,GS0157,c_value,,,False,False,False,True,True,False,False,116,Kikuchi,2005
RM0117,ott987409,Crassostrea gigas,hedgecock2015,588.0,sex_averaged,,,1166.0,10.0,10.0,,557.736,GS0159,estimate_unspecified,,,False,False,False,True,True,False,False,117,Hedgecock,2015
RM0118,ott365708,Crassostrea virginica,yu2003,905.0,sex_averaged,1091.6,718.4,84.0,12.0,10.0,81.0,675.0,GS0624,other_literature,1077.0,1.6,False,False,False,True,True,False,False,118,Yu,2003
RM0119,ott35872,Crocodylus porosus,miles2009,1071.55,sex_averaged,1824.1,319.0,180.0,14.0,17.0,,2049.54,GS0160,assembly_or_direct,,,False,False,False,True,True,False,False,119,Miles,2009
RM0120,ott48333,Cryptococcus neoformans,marra2004,1500.0,sex_averaged,,,301.0,20.0,14.0,94.0,19.0519,GS0161,assembly_or_direct,,,False,False,False,True,True,False,False,120,Marra,2004
RM0121,ott620749,Cryptomeria japonica,moriguchi2016,1266.2,sex_averaged,,,2560.0,11.0,11.0,,10758.0,GS0163,c_value,,1.087,False,False,False,True,True,False,False,121,Moriguchi,2016
RM0122,ott1005936,Ctenopharyngodon idella,xia2010,1176.1,sex_averaged,1149.4,888.8,263.0,24.0,24.0,192.0,1004.54571428571,GS0164,c_value,,0.868,False,False,False,True,True,False,False,122,Xia,2010
RM0123,ott1006256,Cucumis melo,diaz2011,1150.0,sex_averaged,,,1592.0,12.0,12.0,,929.1,GS0166,c_value,,1.781,False,False,False,True,True,False,False,123,Diaz,2011
RM0124,ott1006246,Cucumis sativus,zhu2016,707.8,sex_averaged,,,508.0,,7.0,,195.669,GS0168,estimate_unspecified,,3.75161769961923,False,False,False,,False,True,False,124,Corbet-Detig,2015
RM0125,ott1006246,Cucumis sativus,zhu2016,1061.19,sex_averaged,,,7532.0,7.0,7.0,153.0,195.669,GS0168,estimate_unspecified,,,False,False,False,True,True,False,False,125,Zhu,2016
RM0126,ott379272,Cucurbita maxima,zhang2015a,2533.8,sex_averaged,,,458.0,20.0,20.0,188.0,449.88,GS0169,estimate_unspecified,,,False,False,False,True,True,False,False,126,Zhang,2015
RM0127,ott84409,Cucurbita moschata,gong2008,1936.0,sex_averaged,,,659.0,20.0,20.0,94.0,420.54,GS0170,estimate_unspecified,,,False,False,False,True,True,False,False,127,Gong,2008
RM0128,ott379282,Cucurbita pepo,monteropau2017,2817.6,sex_averaged,,,7718.0,21.0,20.0,120.0,537.9,GS0171,c_value,,3.601,False,False,False,True,True,False,False,128,Montero-Pau,2017
RM0129,ott218684,Culex pipiens,hickner2013,189.9,sex_averaged,,,61.0,3.0,3.0,,684.6,GS0172,c_value,,,False,False,False,True,True,False,False,129,Hickner,2013
RM0130,ott204596,Culex tarsalis,venkatesan2009,510.0,sex_averaged,,,31.0,4.0,3.0,120.0,,,,,,True,False,False,False,False,False,False,130,Venkatesan,2009
RM0131,ott746120,Cyanistes caeruleus,hansson2009,935.0,sex_averaged,,,98.0,18.0,39.0,525.0,1437.66,GS0173,c_value,,,False,False,False,True,True,False,False,131,Hansson,2010
RM0132,ott991885,Cynara cardunculus,portis2009,1251.15,sex_averaged,1486.8,1015.5,177.0,17.0,17.0,,1075.8,GS0174,c_value,,1.232,False,False,False,True,True,False,False,132,Portis,2009
RM0133,ott927435,Cynodon dactylon,harrisshultz2010,311.1,sex_averaged,,,36.0,8.0,9.0,118.0,1110.03,GS0175,estimate_unspecified,,,True,False,False,False,False,False,False,133,Harris-Shultz,2010
RM0134,ott927435,Cynodon dactylon,harrisshultz2010,1055.0,sex_averaged,,,125.0,26.0,18.0,118.0,1110.03,GS0175,estimate_unspecified,,,False,False,False,True,True,False,False,134,Harris-Shultz,2010
RM0135,ott906506,Cynoglossus semilaevis,song2012,1620.4,sex_averaged,1447.3,1497.5,352.0,,21.0,,606.36,GS0177,estimate_unspecified,,4.25500500215174,False,False,False,,False,True,False,135,Corbet-Detig,2015
RM0136,ott906506,Cynoglossus semilaevis,song2012,1624.0,sex_averaged,,,1007.0,21.0,21.0,94.0,606.36,GS0177,estimate_unspecified,,,False,False,False,True,True,False,False,136,Song,2012
RM0137,ott429083,Cyprinus carpio,zhao2013a,3565.9,sex_averaged,,,1209.0,50.0,50.0,107.0,1741.9158,GS0178,c_value,,,False,False,False,True,True,False,False,137,Zhao,2013
RM0138,ott83469,Dactylis glomerata,zhao2016b,715.77,sex_averaged,,,2510.0,7.0,7.0,,4303.2,GS0179,estimate_unspecified,,,False,False,False,True,True,False,False,138,Zhao,2016
RM0139,ott1005914,Danio rerio,bradley2011,2177.363,sex_averaged,,,1706.0,,25.0,,1817.124,GS0181,c_value,,1.6137816789211,False,False,True,,False,True,False,139,Corbet-Detig,2015
RM0140,ott1005914,Danio rerio,bradley2011,2177.363,sex_averaged,,,3966.0,25.0,25.0,,1817.124,GS0181,c_value,,,False,False,False,True,True,False,False,140,Bradley,2011
RM0141,ott668392,Daphnia magna,dukic2016,1614.5,sex_averaged,,,4037.0,10.0,10.0,,129.543,GS0182,assembly_or_direct,,6.78,False,False,False,True,True,False,False,141,Dukic,2016
RM0142,ott59086,Daphnia pulex,cristescu2006,1206.0,sex_averaged,,,115.0,12.0,12.0,129.0,197.206,GS0183,assembly_or_direct,,,False,False,False,True,True,False,False,142,Cristescu,2006
RM0143,ott372836,Daucus carota,cavagnaro2014,635.1,sex_averaged,,,894.0,9.0,9.0,187.0,421.539,GS0185,c_value,,0.567,False,False,False,True,True,False,False,143,Cavagnaro,2014
RM0144,ott171951,Dendrobium moniliforme,lu2012,1127.9,sex_averaged,,,165.0,17.0,19.0,,,,,1541.81,,False,False,False,True,False,False,False,144,Lu,2012
RM0145,ott508208,Dendrobium nobile,feng2013,1474.0,sex_averaged,,,116.0,15.0,19.0,90.0,,,,1916.41,,False,False,False,True,False,False,False,145,Feng,2013
RM0146,ott7046610,Dendrobium officinale,lu2012a,1210.9,sex_averaged,,,169.0,19.0,19.0,,,,,1687.52,,False,False,False,True,False,False,False,146,Lu,2012
RM0147,ott842200,Dianthus caryophyllus,yagi2013,978.3,sex_averaged,,,348.0,15.0,15.0,,616.14,GS0187,estimate_unspecified,,,False,False,False,True,True,False,False,147,Yagi,2013
RM0148,ott3549,Dicentrarchus labrax,chistiakov2008,1373.1,sex_averaged,1380.0,1049.0,368.0,35.0,24.0,,762.84,GS0189,c_value,,,False,False,False,True,True,False,False,148,Chistiakov,2008
RM0149,ott327730,Drosophila mediopunctata,laborda2011,453.8,sex_averaged,,,49.0,5.0,5.0,800.0,,,,,,True,False,False,False,False,False,False,149,Laborda,2012
RM0150,ott505714,Drosophila melanogaster,comeron2012,105.46085,sex_averaged,,,969.0,,4.0,,168.038181818182,GS0191,c_value,,1.09452095074309,False,False,False,,False,True,False,150,Corbet-Detig,2015
RM0151,ott1082272,Drosophila pseudoobscura,mcgaugh2012,53.520111655,sex_averaged,,,141.0,,4.0,,159.74,GS0193,c_value,,1.77697896857476,False,False,False,,False,True,False,151,Corbet-Detig,2015
RM0152,ott86632,Drosophila serrata,stocker2012,245.3,sex_averaged,,,58.0,4.0,4.0,417.0,205.38,GS0194,c_value,,,False,False,False,True,True,False,False,152,Stocker,2012
RM0153,ott878345,Ectocarpus siliculosus,heesch2010,2459.3,sex_averaged,,,406.0,34.0,34.0,,195.811,GS0196,estimate_unspecified,,,False,False,False,True,True,False,False,153,Heesch,2010
RM0154,ott775254,Eimeria maxima,blake2011,2883.9,sex_averaged,,,647.0,13.0,14.0,,45.9751,GS0198,estimate_unspecified,,,False,False,False,True,True,False,False,154,Blake,2011
RM0155,ott775246,Eimeria tenella,shirley2000,653.0,sex_averaged,,,443.0,16.0,12.0,,51.8944,GS0200,estimate_unspecified,,,False,False,False,True,True,False,False,155,Shirley,2000
RM0156,ott947656,Elaeis guineensis,ting2016,1499.5,sex_averaged,,,1755.0,16.0,16.0,118.0,1535.18,GS0202,c_value,,8.539,False,False,False,True,True,False,False,156,Ting,2016
RM0157,ott210313,Elaeis oleifera,montoya2013,1485.0,sex_averaged,,,362.0,16.0,16.0,,1402.73,GS0204,estimate_unspecified,,,False,False,False,True,True,False,False,157,Montoya,2013
RM0158,ott173152,Elymus lanceolatus,mott2011,2574.0,sex_averaged,,,515.0,14.0,14.0,387.0,8244.54,GS0205,c_value,,,False,False,False,True,True,False,False,158,Mott,2011
RM0159,ott306171,Epinephelus aeneus,dor2014,969.5,sex_averaged,1053.0,886.0,222.0,24.0,24.0,48.0,1075.8,GS0206,c_value,,,False,False,False,True,True,False,False,159,Dor,2014
RM0160,ott876088,Epinephelus bruneus,kessuwan2016,1423.17,sex_averaged,1475.95,1370.39,714.0,24.0,24.0,,,,,,,False,False,False,True,False,False,False,160,Kessuwan,2016
RM0161,ott457795,Epinephelus coioides,you2013,1582.7,sex_averaged,1370.9,1335.5,4608.0,24.0,24.0,,,,,,,False,False,False,True,False,False,False,161,You,2013
RM0162,ott1068218,Equus caballus,swinburne2006,2692.1,sex_averaged,,,409.0,,32.0,,3149.16,GS0208,c_value,,1.40991304778554,False,False,False,,False,True,False,162,Corbet-Detig,2015
RM0163,ott1068218,Equus caballus,swinburne2006,2772.0,sex_averaged,,,742.0,32.0,32.0,61.0,3149.16,GS0208,c_value,,,False,False,False,True,True,False,False,163,Swinburne,2006
RM0164,ott1094963,Eragrostis tef,,1277.4,sex_averaged,,,,30.0,20.0,151.0,665.04,GS0211,estimate_unspecified,,,False,False,False,,False,False,True,164,Zeid,2011
RM0165,ott843929,Eremochloa ophiuroides,zheng2013,623.6,sex_averaged,,,89.0,10.0,9.0,86.0,811.74,GS0212,estimate_unspecified,,,False,False,False,True,True,False,False,165,Zheng,2013
RM0166,ott207983,Eriobotrya japonica,fukuda2016,1036.0,sex_averaged,,,308.0,19.0,17.0,,762.84,GS0213,estimate_unspecified,,,False,False,False,True,True,False,False,166,Fukuda,2016
RM0167,ott566723,Eriocheir sinensis,cui2015,5125.53,sex_averaged,4338.3,4392.7,10358.0,73.0,73.0,120.0,1680.0,GS0214,estimate_unspecified,,3.09,False,False,False,True,True,False,False,167,Cui,2015
RM0168,ott739941,Esox lucius,rondeau2014,1289.3,sex_averaged,1245.4,1160.0,180.0,25.0,25.0,92.0,1095.36,GS0216,c_value,,,False,False,False,True,True,False,False,168,RONDEAU,2014
RM0169,ott505234,Eucalyptus camaldulensis,agrama2002,1236.0,sex_averaged,,,168.0,11.0,11.0,92.0,606.36,GS0218,estimate_unspecified,,,False,False,False,True,True,False,False,169,Agrama,2002
RM0170,ott847929,Eucalyptus globulus,gion2016,1520.0,sex_averaged,1587.0,1453.0,,11.0,11.0,180.0,552.4722,GS0219,c_value,,1.289,False,False,False,,False,False,False,170,Gion,2016
RM0171,ott40959,Eucalyptus grandis,hudson2012,1107.0,sex_averaged,,,4101.0,11.0,11.0,1950.0,591.5922,GS0221,c_value,,0.108,False,False,False,True,True,False,False,171,Hudson,2012
RM0172,ott173799,Eucalyptus tereticornis,li2015a,1241.4,sex_averaged,,,585.0,11.0,11.0,,586.8,GS0222,estimate_unspecified,,,False,False,False,True,True,False,False,172,Li,2015
RM0173,ott1049231,Eucalyptus urophylla,li2015b,1208.5,sex_averaged,,,700.0,11.0,11.0,,595.602,GS0223,c_value,,0.095,False,False,False,True,True,False,False,173,Li,2015
RM0174,ott743836,Eucommia ulmoides,li2014a,2133.0,sex_averaged,,,706.0,25.0,17.0,,723.72,GS0224,estimate_unspecified,,,False,False,False,True,True,False,False,174,Li,2014
RM0175,ott904381,Fagopyrum esculentum,yabe2014,1574.3,sex_averaged,,,8884.0,8.0,8.0,178.0,1359.4,GS0226,c_value,,0.377,False,False,False,True,True,False,False,175,Yabe,2014
RM0176,ott563163,Felis silvestris,li2016,4464.0,sex_averaged,,,6637.0,19.0,19.0,453.0,2894.88,GS0227,c_value,,,False,False,False,True,True,False,False,176,Li,2016
RM0177,ott475468,Fenneropenaeus chinensis,wang2012,1895.795,sex_averaged,1715.06,2076.53,236.0,39.0,44.0,,1660.0,GS0228,estimate_unspecified,,,False,False,False,True,True,False,False,177,Wang,2012
RM0178,ott105576,Festuca arundinacea,dierking2015,1417.5,sex_averaged,1258.0,1577.0,594.0,22.0,21.0,,4185.84,GS0229,estimate_unspecified,,,False,False,False,True,True,False,False,178,Dierking,2015
RM0179,ott107840,Ficedula albicollis,backstrom2008,1787.0,sex_averaged,,,211.0,33.0,30.0,322.0,1118.34,GS0231,estimate_unspecified,,,False,False,False,True,True,False,False,179,Backstrom,2008
RM0180,ott107840,Ficedula albicollis,backstrom2008,3132.061,sex_averaged,,,3996.0,,30.0,,1118.34,GS0231,estimate_unspecified,,3.24065054958299,False,False,False,,False,True,False,180,Corbet-Detig,2015
RM0181,ott555467,Fragaria iinumae,mahoney2016,451.7,sex_averaged,,,4173.0,7.0,7.0,104.0,199.628,GS0233,estimate_unspecified,,,False,False,False,True,True,False,False,181,Mahoney,2016
RM0182,ott852873,Fragaria vesca,davik2015,416.2,sex_averaged,,,151.0,7.0,7.0,,214.373,GS0235,estimate_unspecified,,,False,False,False,True,True,False,False,182,Davik,2015
RM0183,ott3904118,Fragaria xananassa,sargent2016,1820.0,sex_averaged,,,8407.0,28.0,28.0,86.0,697.762,GS0237,estimate_unspecified,,,False,False,False,True,True,False,False,183,Sargent,2016
RM0184,ott955281,Fusarium circinatum,devos2007,2774.4,sex_averaged,,,582.0,12.0,11.0,94.0,43.9486,GS0239,estimate_unspecified,,,False,False,False,True,True,False,False,184,DeVos,2007
RM0185,ott264388,Fusarium graminearum,lee2008,1140.0,sex_averaged,,,115.0,6.0,4.0,,36.458,GS0241,estimate_unspecified,,,False,False,False,True,True,False,False,185,Lee,2008
RM0186,ott404217,Fusarium oxysporum,teunissen2003,86.0,sex_averaged,,,83.0,23.0,15.0,32.0,61.3869,GS0243,c_value,,,False,False,False,True,True,False,False,186,Teunissen,2003
RM0187,ott584890,Fusarium verticillioides,jurgenson2002,2188.0,sex_averaged,,,636.0,12.0,11.0,,41.8449,GS0245,estimate_unspecified,,,False,False,False,True,True,False,False,187,Jurgenson,2002
RM0188,ott114170,Gadus morhua,hubert2010,1421.92,sex_averaged,,,924.0,23.0,23.0,182.0,909.54,GS0247,c_value,,,False,False,False,True,True,False,False,188,Hubert,2010
RM0189,ott153563,Gallus gallus,pengelly2016,2762.2,sex_averaged,,,500000.0,28.0,35.0,,1230.26,GS0249,estimate_unspecified,,,False,False,False,True,True,False,False,189,Pengelly,2016
RM0190,ott153563,Gallus gallus,pengelly2016,2867.6,sex_averaged,,,8349.0,,35.0,,1230.26,GS0249,estimate_unspecified,,3.1486092544282,False,False,False,,False,True,False,190,Corbet-Detig,2015
RM0191,ott401066,Gasterosteus aculeatus,rastas2015,1251.1609277,sex_averaged,,,1872.0,,22.0,,625.92,GS0251,c_value,,3.1137123613754,False,False,False,,False,True,False,191,Corbet-Detig,2015
RM0192,ott401066,Gasterosteus aculeatus,rastas2015,1980.74,sex_averaged,2335.72,1584.26,13060.0,21.0,22.0,,625.92,GS0251,c_value,,,False,False,False,True,True,False,False,192,Rastas,2016
RM0193,ott717875,Gentiana scabra,nakatsuka2012,613.7,sex_averaged,,,263.0,19.0,13.0,93.0,5000.0,GS0253,estimate_unspecified,,,False,False,False,True,True,False,False,193,Nakatsuka,2012
RM0194,ott232963,Globodera rostochiensis,vandervoort1999,431.0,sex_averaged,,,62.0,9.0,9.0,,95.8763,GS0255,estimate_unspecified,,,False,False,False,True,True,False,False,194,vanderVoort,1999
RM0195,ott681762,Glycine max,song2016,2241.32,sex_averaged,,,2549.0,,20.0,,1105.14,GS0257,estimate_unspecified,,2.37632821956651,False,False,False,,False,True,False,195,Corbet-Detig,2015
RM0196,ott681762,Glycine max,song2016,2445.8,sex_averaged,,,21478.0,20.0,20.0,,1105.14,GS0257,estimate_unspecified,,,False,False,False,True,True,False,False,196,Song,2016
RM0197,ott325187,Gnathopogon caerulescens,kakioka2013,1390.9,sex_averaged,,,1622.0,25.0,25.0,198.0,,,,1451.0,,False,False,False,True,False,False,False,197,Kakioka,2013
RM0198,ott625750,Gossypium arboreum,badigannavar2015,1109.0,sex_averaged,,,606.0,37.0,13.0,94.0,1682.16,GS0259,estimate_unspecified,,,False,True,False,False,False,False,False,198,Badigannavar,2015
RM0199,ott854476,Gossypium barbadense,shi2014,5115.6,sex_averaged,,,2292.0,26.0,26.0,,2694.39,GS0261,estimate_unspecified,,,False,False,False,True,True,False,False,199,Shi,2016
RM0200,ott854480,Gossypium hirsutum,jia2016,4071.98,sex_averaged,,,6434.0,26.0,26.0,,2347.2,GS0263,estimate_unspecified,,,False,False,False,True,True,False,False,200,Jia,2016
RM0201,ott79347,Gossypium raimondii,wang2013,1493.3,sex_averaged,,,433.0,,13.0,,1101.228,GS0265,c_value,,2.04971450838414,False,False,False,,False,True,False,201,Corbet-Detig,2015
RM0202,ott79347,Gossypium raimondii,wang2013,2325.0,sex_averaged,,,48958.0,13.0,13.0,,1101.228,GS0265,c_value,,1.135,False,False,False,True,True,False,False,202,Wang,2013
RM0203,ott733231,Gossypium tomentosum,hou2013,3320.8,sex_averaged,,,1204.0,35.0,26.0,,2386.32,GS0266,estimate_unspecified,,,False,False,False,True,True,False,False,203,Hou,2013
RM0204,ott780542,Haliotis diversicolor,ren2016,2190.1,sex_averaged,2197.8,1764.7,3717.0,16.0,16.0,131.0,1418.1,GS0267,c_value,2209.6,,False,False,False,True,True,False,False,204,Ren,2016
RM0205,ott780532,Haliotis midae,vervalle2013,1038.0,sex_averaged,,,186.0,18.0,18.0,,1398.54,GS0268,c_value,1327.0,,False,False,False,True,True,False,False,205,Vervalle,2013
RM0206,ott695282,Haliotis rubra,baranski2006,693.5,sex_averaged,766.0,621.0,122.0,17.0,,,,,,,,False,False,False,,False,False,False,206,Baranski,2006
RM0207,ott138490,Haplochromis chilotes,henning2014,1225.68,sex_averaged,,,1122.0,22.0,22.0,,1075.8,GS0269,estimate_unspecified,,,False,False,False,True,True,False,False,207,Henning,2017
RM0208,ott685068,Haplochromis sauvagei,henning2017,1130.63,sex_averaged,,,867.0,22.0,22.0,,1075.8,GS0270,estimate_unspecified,,,False,False,False,True,True,False,False,208,Henning,2014
RM0209,ott515712,Helianthus annuus,celik2016,2472.0,sex_averaged,,,817.0,17.0,17.0,93.0,2376.54,GS0271,estimate_unspecified,,,False,False,False,True,True,False,False,209,Celik,2016
RM0210,ott896444,Heliconius melpomene,davey2016,689.262,sex_averaged,,,1017.0,,21.0,,293.4,GS0273,c_value,,3.32508090841105,False,False,False,,False,True,False,210,Corbet-Detig,2015
RM0211,ott896444,Heliconius melpomene,davey2016,1364.23,sex_averaged,,,431488.0,21.0,21.0,69.0,293.4,GS0273,c_value,,,False,False,False,True,True,False,False,211,Davey,2016
RM0212,ott1072058,Heterobasidion annosum,lind2012,2476.0,sex_averaged,,,241.0,17.0,,102.0,27.9883,GS0275,c_value,,,False,False,False,,False,False,False,212,Lind,2012
RM0213,ott332065,Heterodera glycines,atibalentja2005,539.0,sex_averaged,,,131.0,10.0,9.0,63.0,81.908,GS0277,estimate_unspecified,,,False,False,False,True,True,False,False,213,Atibalentja,2005
RM0214,ott339361,Hevea brasiliensis,shearman2015,4160.0,sex_averaged,,,12326.0,18.0,18.0,149.0,2102.7,GS0279,estimate_unspecified,,,False,False,False,True,True,False,False,214,Shearman,2015
RM0215,ott393745,Hibiscus cannabinus,chen2011,4924.8,sex_averaged,,,396.0,26.0,18.0,180.0,1496.34,GS0280,c_value,,,False,False,False,True,True,False,False,215,Chen,2011
RM0216,ott23821,Hieracium,shirasawa2014,1650.0,sex_averaged,,,518.0,16.0,18.0,95.0,4058.7,GS0281,c_value,,,False,False,False,True,True,False,False,216,Shirasawa,2015
RM0217,ott408328,Hippoglossus hippoglossus,palaiokostas2013,1514.0,sex_averaged,1496.0,1378.1,4049.0,24.0,24.0,90.0,713.94,GS0625,other_literature,,,False,False,False,True,True,False,False,217,Palaiokostas,2013
RM0218,ott770315,Homo sapiens,kong2010,3179.9563005,sex_averaged,,,276215.0,,48.0,,3423.0,GS0283,c_value,,1.19071999919365,False,False,False,,False,True,False,218,Corbet-Detig,2015
RM0219,ott657948,Hordeum vulgare,zhou2016a,927.07,sex_averaged,,,1832.0,7.0,7.0,,5418.1,GS0285,c_value,,0.171,False,False,False,True,True,False,False,219,Zhou,2016
RM0220,ott84020,Humulus lupulus,henning2015,745.9,sex_averaged,,,3341.0,11.0,10.0,,2836.2,GS0286,c_value,,0.245,False,False,False,True,True,False,False,220,Henning,2015
RM0221,ott677266,Hyla aborea,brelsford2015,1770.722,sex_averaged,2393.696,1147.748,1598.0,12.0,12.0,90.0,4649.69,GS0626,c_value,,,False,False,False,True,True,False,False,221,Brelsford,2016
RM0222,ott35786,Hypophthalmichthys molitrix,guo2013,1561.1,sex_averaged,,,703.0,24.0,24.0,,978.0,GS0288,c_value,,,False,False,False,True,True,False,False,222,Guo,2013
RM0223,ott762099,Hypsizygus marmoreus,sun2016,86.2,sex_averaged,,,14.0,2.0,11.0,,41.6261,GS0290,estimate_unspecified,,,True,True,False,False,False,False,False,223,Sun,2016
RM0224,ott351029,Hyriopsis cumingii,bai2016,2713.0,sex_averaged,2810.0,2561.0,4920.0,19.0,19.0,157.0,3000.0,GS0627,other_literature,,,False,False,False,True,True,False,False,224,Bai,2016
RM0225,ott701523,Ictalurus punctatus,liu2015a,3240.0,sex_averaged,,,26238.0,29.0,29.0,,993.648,GS0292,c_value,,,False,False,False,True,True,False,False,225,Liu,2016
RM0226,ott1071040,Ipomoea batatas,zhao2013b,8184.5,sex_averaged,,,2077.0,90.0,90.0,202.0,1833.75,GS0293,estimate_unspecified,,,False,False,False,True,True,False,False,226,Zhao,2013
RM0227,ott253311,Ischnura elegans,wellenreuther2013,211.5,sex_averaged,179.2,331.7,19.0,4.0,14.0,212.0,,,,,,True,True,False,False,False,False,False,227,Wellenreuther,2013
RM0228,ott621065,Ixodes scapularis,ullmann2003,616.0,sex_averaged,,,127.0,14.0,15.0,232.0,1765.38,GS0295,estimate_unspecified,,,False,False,False,True,True,False,False,228,Ullmann,2003
RM0229,ott916001,Jatropha curcas,wu2015,1655.8,sex_averaged,,,1208.0,11.0,11.0,190.0,420.54,GS0297,estimate_unspecified,,,False,False,False,True,True,False,False,229,Wu,2015
RM0230,ott138717,Juglans regia,zhu2015,2457.82,sex_averaged,2664.3,1305.36,2577.0,16.0,16.0,,606.36,GS0299,estimate_unspecified,,,False,False,False,True,True,False,False,230,Zhu,2015
RM0231,ott229709,Kryptolebias marmoratus,kanamori2016,1248.0,sex_averaged,,,9904.0,24.0,24.0,49.0,680.367,GS0300,assembly_or_direct,,,False,False,False,True,True,False,False,231,Kanomori,2016
RM0232,ott160616,Labeo rohita,robinson2014,1373.8,sex_averaged,1384.0,1393.0,3193.0,25.0,25.0,,1950.0,GS0628,other_literature,,,False,False,False,True,True,False,False,232,Robinson,2014
RM0233,ott985685,Laccaria bicolor,labbe2008,812.0,sex_averaged,,,294.0,13.0,,,64.8774,GS0302,c_value,,,False,False,False,,False,False,False,233,Labbe,2008
RM0234,ott515700,Lactuca sativa,truco2013,2974.0,sex_averaged,,,3696.0,9.0,9.0,213.0,2591.7,GS0304,estimate_unspecified,,,False,False,False,True,True,False,False,234,Truco,2013
RM0235,ott264011,Lagerstroemia,he2013,1162.1,sex_averaged,,,173.0,20.0,24.0,,,,,1788.7,,False,False,False,True,False,False,False,235,He,2014
RM0236,ott679823,Larimichthys crocea,ao2015,5451.3,sex_averaged,,,10150.0,24.0,24.0,,678.938,GS0306,estimate_unspecified,,,False,False,False,True,True,False,False,236,Ao,2015
RM0237,ott154040,Larix kaempferi,guan2011,546.5,sex_averaged,,,581.0,15.0,12.0,,9291.0,GS0307,c_value,,1.92,False,False,False,True,True,False,False,237,Guan,2011
RM0238,ott186480,Lateolabrax japonicus,,2957.79,sex_averaged,,,3000.0,24.0,24.0,179.0,,,,,,False,False,False,True,False,False,True,238,Liu,2016
RM0239,ott437601,Lates calcarifer,wang2017a,1412.9,sex_averaged,,,3836.0,24.0,24.0,118.0,684.6,GS0309,c_value,,4.52,False,False,False,True,True,False,False,239,Wang,2017
RM0240,ott743052,Laupala,shaw2007,795.3,male,,,131.0,16.0,8.0,,1900.0,GS0629,other_literature,,1.2,False,True,False,False,False,False,False,240,Shaw,2007
RM0241,ott156245,Lens culinaris,sudheesh2016,2429.61,sex_averaged,,,689.0,7.0,7.0,,4107.6,GS0310,estimate_unspecified,,,False,False,False,True,True,False,False,241,Sudheesh,2016
RM0242,ott162647,Lentinula edodes,gong2014,983.7,sex_averaged,,,572.0,12.0,,,46.1067,GS0312,estimate_unspecified,,,False,False,False,,False,False,False,242,Gong,2016
RM0243,ott1028028,Lepisosteus oculatus,amores2011,2923.736,sex_averaged,,,2820.0,,29.0,,1378.98,GS0314,c_value,,3.33036154499458,False,False,False,,False,True,False,243,Corbet-Detig,2015
RM0244,ott836783,Lepomis macrochirus,wang2009b,1576.75,sex_averaged,1628.2,1525.3,222.0,31.0,24.0,,987.78,GS0315,c_value,,,False,False,False,True,True,False,False,244,Wang,2010
RM0245,ott185597,Leptinotarsa decemlineata,hawthorne2001b,1032.0,sex_averaged,,,182.0,18.0,18.0,74.0,449.88,GS0317,c_value,,,False,False,False,True,True,False,False,245,Hawthorne,2001
RM0246,ott1061491,Leptopilina clavipes,pannebakker2004,219.9,sex_averaged,,,32.0,5.0,5.0,72.0,255.344,GS0319,estimate_unspecified,,,True,False,False,False,False,False,False,246,Pannebakker,2004
RM0247,ott748393,Lilium,shahin2010,1627.0,sex_averaged,,,411.0,22.0,,198.0,,,,,,False,False,False,,False,False,False,247,Shahin,2011
RM0248,ott1000262,Linum usitatissimum,cloutier2012,1151.0,sex_averaged,,,770.0,15.0,15.0,,684.6,GS0321,estimate_unspecified,,,False,False,False,True,True,False,False,248,Cloutier,2012
RM0249,ott169168,Litopenaeus vannamei,yu2015,4271.43,sex_averaged,,,6146.0,44.0,44.0,,2640.0,GS0322,estimate_unspecified,4341.39,1.7,False,False,False,True,True,False,False,249,Yu,2015
RM0250,ott135777,Lolium multiflorum,guan2014,488.8,sex_averaged,,,192.0,7.0,7.0,881.0,2660.16,GS0323,estimate_unspecified,,,False,False,False,True,True,False,False,250,Guan,2014
RM0251,ott135774,Lolium perenne,velmurugan2016,952.6,sex_averaged,,,1865.0,7.0,7.0,169.0,2365.782,GS0325,c_value,,0.396,False,False,False,True,True,False,False,251,Velmurugan,2016
RM0252,ott1081728,Lotus japonicus,wang2008b,508.5,sex_averaged,,,1023.0,6.0,6.0,94.0,469.44,GS0327,estimate_unspecified,,,False,False,False,True,True,False,False,252,Wang,2008
RM0253,ott84261,Lucania goodei,berdan2014a,392.0,sex_averaged,,,915.0,23.0,24.0,303.0,1319.322,GS0328,c_value,,,False,False,False,True,True,False,False,253,Berdan,2014
RM0254,ott839518,Lucania parva,berdan2014b,605.0,sex_averaged,,,766.0,23.0,23.0,161.0,1391.694,GS0329,c_value,,,False,False,False,True,True,False,False,254,Berdan,2014
RM0255,ott565719,Luffa acutangula,wu2016,1436.12,sex_averaged,,,177.0,14.0,13.0,,831.3,GS0330,estimate_unspecified,,,False,False,False,True,True,False,False,255,Wu,2016
RM0256,ott1030424,Lupinus albus,vipin2013,2169.0,sex_averaged,,,461.0,38.0,25.0,,586.8,GS0331,estimate_unspecified,,,False,False,False,True,True,False,False,256,Vipin,2013
RM0257,ott1030433,Lupinus angustifolius,yang2012,1629.9,sex_averaged,,,8246.0,20.0,20.0,94.0,1153.0,GS0333,estimate_unspecified,,,False,False,False,True,True,False,False,257,Yang,2013
RM0258,ott689650,Macaca mulatta,rogers2006,2048.0,sex_averaged,,,241.0,20.0,22.0,,3290.97,GS0335,c_value,,,False,False,False,True,True,False,False,258,Rogers,2006
RM0259,ott689650,Macaca mulatta,rogers2006,2473.9,sex_averaged,,,274.0,,22.0,,3290.97,GS0335,c_value,,1.08485593381464,False,False,False,,False,True,False,259,Corbet-Detig,2015
RM0260,ott539171,Macropus eugenii,wang2011,1402.4,sex_averaged,1066.5,1272.2,148.0,8.0,7.0,0.0,1153.0,GS0337,estimate_unspecified,,,False,False,False,True,True,False,False,260,Wang,2011
RM0261,ott258235,Magnaporthe grisea,zheng2008,1247.0,sex_averaged,,,176.0,7.0,7.0,,42.711,GS0339,c_value,,,False,False,False,True,True,False,False,261,Zheng,2008
RM0262,ott3902985,Malus domestica,dipierro2016,1267.0,sex_averaged,,,15417.0,17.0,17.0,,1874.77,GS0341,estimate_unspecified,,,False,False,False,True,True,False,False,262,DiPierro,2016
RM0263,ott854961,Malus pumila,clark2014,1481.72,sex_averaged,,,1091.0,17.0,17.0,,753.06,GS0344,estimate_unspecified,,,False,False,False,True,True,False,False,264,Clark,2014
RM0264,ott321926,Malus sieversii,liu2016a,1299.67,sex_averaged,,,280.0,17.0,17.0,110.0,733.5,GS0342,estimate_unspecified,,,False,False,False,True,True,False,False,263,Liu,2016
RM0265,ott807634,Mangifera indica,luo2016a,3148.28,sex_averaged,,,6594.0,20.0,20.0,,440.1,GS0345,estimate_unspecified,,,False,False,False,True,True,False,False,265,Luo,2016
RM0266,ott339369,Manihot esculenta,alaba2015,2412.0,sex_averaged,,,22403.0,18.0,18.0,,1222.5,GS0347,c_value,,0.761,False,False,False,True,True,False,False,266,Alaba,2015
RM0267,ott5787510,Marsupenaeus japonicus,lu2016,3610.9,sex_averaged,3127.23,3326.19,9289.0,41.0,43.0,,2767.74,GS0348,c_value,,,False,False,False,True,True,False,False,267,Lu,2016
RM0268,ott1086789,Medicago sativa,li2014b,2133.0,sex_averaged,,,2154.0,32.0,32.0,384.0,1276.29,GS0349,estimate_unspecified,,,False,False,False,True,True,False,False,268,Li,2014
RM0269,ott1060499,Medicago truncatula,gorton2012,556.7,sex_averaged,,,540.0,,8.0,,469.44,GS0351,estimate_unspecified,,2.10396640184481,False,False,False,,False,True,False,269,Corbet-Detig,2015
RM0270,ott1060499,Medicago truncatula,gorton2012,1215.0,sex_averaged,,,184.0,8.0,8.0,177.0,469.44,GS0351,estimate_unspecified,,,False,False,False,True,True,False,False,270,Gorton,2012
RM0271,ott809207,Melampsora lini,anderson2016,5860.0,sex_averaged,,,13412.0,27.0,18.0,,170.172,GS0353,c_value,,,False,False,False,True,True,False,False,271,Anderson,2016
RM0272,ott446482,Meleagris gallopavo,aslam2010,2157.9,sex_averaged,,,471.0,,32.0,,1431.14,GS0355,c_value,,2.49300152121962,False,False,False,,False,True,False,272,Corbet-Detig,2015
RM0273,ott446482,Meleagris gallopavo,aslam2010,2324.0,sex_averaged,,,531.0,28.0,32.0,1008.0,1431.14,GS0355,c_value,,,False,False,False,True,True,False,False,273,Aslam,2010
RM0274,ott1043271,Meloidogyne hapla,thomas2012,1294.1,sex_averaged,,,182.0,16.0,16.0,183.0,53.013,GS0357,assembly_or_direct,,,False,False,False,True,True,False,False,274,Thomas,2012
RM0275,ott265548,Melospiza melodia,nietlisbach2015,1731.0,sex_averaged,,,191.0,35.0,40.0,,1398.54,GS0358,c_value,,,False,False,False,True,True,False,False,275,Nietlisbach,2015
RM0276,ott677719,Metriaclima zebra,oquin2013,1933.0,male,,,843.0,22.0,22.0,160.0,848.776495,GS0359,assembly_or_direct,,,False,False,False,True,True,False,False,276,O'Quin,2013
RM0277,ott927240,Microtus ochrogaster,mcgraw2011,1707.0,sex_averaged,,,406.0,20.0,28.0,,2287.34,GS0360,assembly_or_direct,,,False,False,False,True,True,False,False,277,McGraw,2011
RM0278,ott504496,Mimulus guttatus,holeski2014,1750.0,sex_averaged,,,3073.0,14.0,14.0,100.0,450.0,GS0361,estimate_unspecified,,3.9,False,False,False,True,True,False,False,278,Holeski,2014
RM0279,ott764796,Miscanthus sinensis,liu2015b,1605.5,sex_averaged,1599.0,1612.0,1821.0,19.0,19.0,261.0,2591.7,GS0362,estimate_unspecified,,,False,False,False,True,True,False,False,279,Liu,2016
RM0280,ott312382,Misgurnus anguillicaudatus,morishima2007,723.35,sex_averaged,784.5,662.2,159.0,27.0,25.0,,1594.14,GS0363,c_value,,,False,False,False,True,True,False,False,280,Morishima,2008
RM0281,ott122362,Monodelphis domestica,samollow2007,715.0,sex_averaged,443.1,884.6,150.0,8.0,9.0,,3598.44,GS0365,estimate_unspecified,,,False,False,False,True,True,False,False,281,Samollow,2007
RM0282,ott542509,Mus musculus,cox2009,1288.0,sex_averaged,,,,20.0,20.0,237.0,3182.52705882353,GS0367,c_value,,,False,False,False,,False,False,False,282,Liu,2014
RM0283,ott542509,Mus musculus,cox2009,1436.348,sex_averaged,1330.0,1279.0,9872.0,,20.0,,3182.52705882353,GS0367,c_value,,0.606862614719967,False,False,False,,False,True,False,283,Corbet-Detig,2015
RM0284,ott207474,Musa acuminata,hippolyte2010,1197.0,sex_averaged,,,489.0,11.0,11.0,180.0,472.231,GS0369,estimate_unspecified,,,False,False,False,True,True,False,False,284,Hipplyte,2010
RM0285,ott1011010,Musca domestica,feldmeyer2010,229.3,sex_averaged,,,35.0,5.0,5.0,236.0,929.1,GS0371,c_value,230.9,,True,False,False,False,False,False,False,285,Feldmeyer,2010
RM0286,ott310482,Mustela vison,anistoroaei2007,690.0,sex_averaged,,,85.0,17.0,14.0,92.0,,,,,,False,False,False,True,False,False,False,286,Anistoroaei,2007
RM0287,ott857565,Mycosphaerella fijiensis,manzosanchez2008,1879.0,sex_averaged,,,314.0,23.0,,,,,,4298.2,,False,False,False,,False,False,False,287,Manzo-Sanchez,2008
RM0288,ott5319573,Mycosphaerella graminicola,kema2002,1216.0,sex_averaged,,,223.0,23.0,21.0,68.0,39.7,GS0373,assembly_or_direct,,,False,False,False,True,True,False,False,288,Kema,2002
RM0289,ott729592,Nasonia giraulti,diao2016,620.0,sex_averaged,,,92.0,5.0,5.0,475.0,283.607,GS0375,estimate_unspecified,,,False,False,False,True,True,False,False,289,Diao,2016
RM0290,ott729593,Nasonia vitripennis,beukeboom2010,515.0,sex_averaged,,,36.0,5.0,5.0,,332.52,GS0377,c_value,,,True,False,False,False,False,False,False,290,Beukeboom,2010
RM0291,ott532278,Nelumbo lutea,zhang2014,494.3,sex_averaged,,,4098.0,9.0,8.0,,948.66,GS0378,estimate_unspecified,,,False,False,False,True,True,False,False,291,Zhang,2014
RM0292,ott532288,Nelumbo nucifera,liu2016b,581.3,sex_averaged,,,8971.0,8.0,8.0,96.0,234.72,GS0380,estimate_unspecified,,,False,False,False,True,True,False,False,292,Liu,2016
RM0293,ott733968,Nicotiana langsdorffii,zhang2012,1062.0,sex_averaged,,,266.0,12.0,9.0,90.0,4254.3,GS0381,estimate_unspecified,,,False,False,False,True,True,False,False,293,Zhang,2012
RM0294,ott222787,Nicotiana tabacum,gong2016,2662.43,sex_averaged,,,4409.0,24.0,24.0,,5066.04,GS0383,estimate_unspecified,,,False,False,False,True,True,False,False,294,Gong,2016
RM0295,ott876508,Nilaparvata lugens,jairin2012,1093.3,sex_averaged,,,518.0,17.0,15.0,,1140.79,GS0385,estimate_unspecified,,,False,False,False,True,True,False,False,295,Jairin,2013
RM0296,ott547026,Nodipecten subnodosus,petersen2012,1124.1,sex_averaged,919.7,963.7,320.0,22.0,19.0,,,,,,,False,False,False,True,False,False,False,296,Petersen,2012
RM0297,ott513643,Nothobranchius furzeri,kirschner2012,1965.0,sex_averaged,,,355.0,22.0,19.0,402.0,1242.52,GS0387,estimate_unspecified,,,False,False,False,True,True,False,False,297,Kirschner,2012
RM0298,ott23729,Olea europaea,ipek2016,3049.0,sex_averaged,,,5634.0,25.0,23.0,121.0,1907.1,GS0388,estimate_unspecified,,,False,False,False,True,True,False,False,298,Ipek,2016
RM0299,ott739917,Oncorhynchus kisutch,mcclelland2008,358.55,sex_averaged,429.7,287.4,281.0,33.0,30.0,,2767.74,GS0389,c_value,,,False,False,False,True,True,False,False,299,McClelland,2008
RM0300,ott165368,Oncorhynchus mykiss,guyomard2012,3600.0,sex_averaged,,,2226.0,29.0,29.0,,2592.678,GS0390,c_value,,,False,False,False,True,True,False,False,300,Guyomard,2012
RM0301,ott165375,Oncorhynchus nerka,larson2015,3186.5,sex_averaged,4082.0,2291.0,6322.0,29.0,29.0,,2858.694,GS0391,c_value,,,False,False,False,True,True,False,False,301,Larson,2016
RM0302,ott730762,Oncorhynchus tshawytscha,mckinney2015,3119.7,female,3119.7,870.11,14620.0,34.0,34.0,,2709.06,GS0392,c_value,,,False,False,False,True,True,False,False,302,McKinney,2016
RM0303,ott288069,Oreochromis mossambicus,liu2013a,1067.6,sex_averaged,,,401.0,22.0,22.0,95.0,978.0,GS0393,c_value,,,False,False,False,True,True,False,False,303,Liu,2013
RM0304,ott288063,Oreochromis niloticus,kocher1998,704.0,sex_averaged,,,174.0,30.0,22.0,40.0,1058.196,GS0395,c_value,,,False,False,False,True,True,False,False,304,Kocher,1998
RM0305,ott864596,Oryctolagus cuniculus,sternstein2015,1419.0,sex_averaged,,,184.0,34.0,22.0,363.0,3107.24571428572,GS0397,c_value,,,False,False,False,True,True,False,False,305,Sternstein,2015
RM0306,ott135756,Oryza rufipogon,luo2016b,1596.8,sex_averaged,,,153.0,12.0,12.0,,449.88,GS0399,estimate_unspecified,,,False,False,False,True,True,False,False,306,Luo,2016
RM0307,ott709894,Oryza sativa,deleon2016,1650.0,sex_averaged,,,9303.0,12.0,12.0,187.0,489.0,GS0401,c_value,,3.221,False,False,False,True,True,False,False,307,DeLeon,2016
RM0308,ott709894,Oryza sativa,deleon2016,1863.5528,sex_averaged,,,30971.0,,12.0,,489.0,GS0401,c_value,,5.02947588797233,False,False,False,,False,True,False,308,Corbet-Detig,2015
RM0309,ott942673,Oryzias latipes,kimura2005,1426.93,sex_averaged,,,2142.0,,24.0,,1009.296,GS0403,c_value,,1.99525742496878,False,False,False,,False,True,False,309,Corbet-Detig,2015
RM0310,ott1033104,Ostrea edulis,harrang2015,536.4,sex_averaged,,,293.0,10.0,10.0,92.0,1144.26,GS0404,c_value,,,False,False,False,True,True,False,False,310,Harrang,2015
RM0311,ott1058331,Ostrinia nubilalis,streiff2013,997.0,male,,,323.0,31.0,31.0,71.0,,,,,,False,False,False,True,False,False,False,311,Streiff,2014
RM0312,ott70819,Ovis aries,johnston2016,3304.0,sex_averaged,2860.0,3748.0,39104.0,26.0,27.0,5805.0,2941.824,GS0406,c_value,,,False,False,False,True,True,False,False,312,Johnston,2017
RM0313,ott70819,Ovis aries,johnston2016,3468.8,sex_averaged,,,554.0,,27.0,,2941.824,GS0406,c_value,,1.59008242269799,False,False,False,,False,True,False,313,Corbet-Detig,2015
RM0314,ott123206,Ovis canadensis,poissant2010,3051.0,sex_averaged,3166.0,2831.0,247.0,27.0,27.0,0.0,2590.55,GS0409,estimate_unspecified,,,False,False,False,True,True,False,False,314,Poissant,2010
RM0315,ott271163,Pagellus erythrinus,manousaki2016,2201.78,sex_averaged,,,917.0,24.0,,99.0,,,,,,False,False,False,,False,False,False,315,Manousaki,2016
RM0316,ott205619,Panicum virgatum,liu2012a,2085.2,sex_averaged,,,499.0,18.0,18.0,139.0,1792.674,GS0411,estimate_unspecified,,,False,False,False,True,True,False,False,316,Liu,2012
RM0317,ott947948,Papilio glaucus,winter2009,1167.0,sex_averaged,86.5,1038.5,253.0,28.0,28.0,58.0,430.32,GS0412,c_value,,,False,False,False,True,True,False,False,317,Winter,2010
RM0318,ott115449,Papio anubis,rogers2000,2422.1,sex_averaged,,,242.0,,21.0,,3452.34,GS0413,assembly_or_direct,,1.09724002836305,False,False,False,,False,True,False,318,Corbet-Detig,2015
RM0319,ott115463,Papio hamadryas,cox2006,2354.0,sex_averaged,,,284.0,20.0,20.0,984.0,3457.23,GS0414,c_value,,,False,False,False,True,True,False,False,319,Rogers,2006
RM0320,ott883392,Paralichthys olivaceus,liu2013b,1695.15,sex_averaged,1663.8,1726.5,1487.0,24.0,24.0,,694.38,GS0416,c_value,,,False,False,False,True,True,False,False,320,Song,2012
RM0321,ott515143,Parus major,vanoers2013,1916.82,sex_averaged,,,4878.0,32.0,32.0,1656.0,1476.78,GS0418,c_value,,,False,False,False,True,True,False,False,321,vanOers,2014
RM0322,ott449027,Patinopecten yessoensis,wang2017b,1918.65,sex_averaged,,,7489.0,19.0,19.0,117.0,1437.66,GS0419,c_value,,,False,False,False,True,True,False,False,322,Wang,2017
RM0323,ott475468,Penaeus chinensis,liu2010,580.2,sex_averaged,,,354.0,7.0,44.0,100.0,,,,,,False,True,False,False,False,False,False,323,Liu,2010
RM0324,ott212713,Penaeus monodon,baranski2014,3488.5,sex_averaged,4060.0,2917.0,3959.0,44.0,44.0,1024.0,2170.0,GS0630,other_literature,3584.3,,False,False,False,True,True,False,False,324,Baranski,2014
RM0325,ott1079449,Pennisetum glaucum,punnuri2016,716.7,sex_averaged,,,16650.0,7.0,7.0,150.0,2621.04,GS0421,estimate_unspecified,,,False,False,False,True,True,False,False,325,Punnuri,2016
RM0326,ott140438,Perisoreus infaustus,jaari2009,862.8,sex_averaged,988.4,774.0,117.0,10.0,40.0,349.0,,,,,,False,True,False,False,False,False,False,326,Jaari,2009
RM0327,ott377525,Peromyscus maniculatus,kenneyhunt2014,1499.0,sex_averaged,,,340.0,24.0,24.0,145.0,4264.08,GS0422,c_value,,,False,False,False,True,True,False,False,327,Kenney-Hunt,2014
RM0328,ott913249,Persea americana,borrone2009,1087.4,sex_averaged,,,152.0,12.0,12.0,715.0,909.54,GS0423,estimate_unspecified,,,False,False,False,True,True,False,False,328,Borrone,2009
RM0329,ott232467,Petunia axillaris,bossolini2011,970.0,sex_averaged,,,125.0,7.0,7.0,176.0,1369.2,GS0424,estimate_unspecified,,,False,False,False,True,True,False,False,329,Bossolini,2011
RM0330,ott5346507,Phaeosphaeria nodorum,malkus2009,1932.1,sex_averaged,,,276.0,21.0,17.0,152.0,37.1,GS0631,other_literature,,,False,False,False,True,True,False,False,330,Malkus,2009
RM0331,ott808637,Phalloceros caudimaculatus,gutierrez2011,1477.0,sex_averaged,,,189.0,22.0,24.0,46.0,700.0,GS0426,estimate_unspecified,,,False,False,False,True,True,False,False,331,Gutierrez,2011
RM0332,ott825707,Phaseolus vulgaris,song2015,1042.2,sex_averaged,,,7040.0,11.0,11.0,267.0,586.8,GS0428,estimate_unspecified,,,False,False,False,True,True,False,False,332,Song,2015
RM0333,ott1090732,Philomachus pugnax,farrell2013,641.6,sex_averaged,,,58.0,7.0,40.0,381.0,,,,,,False,True,False,False,False,False,False,333,Farrell,2013
RM0334,ott789008,Phoenix dactylifera,mathew2014,1293.0,sex_averaged,,,1200.0,18.0,18.0,,929.1,GS0430,estimate_unspecified,,,False,False,False,True,True,False,False,334,Mathew,2014
RM0335,ott735973,Phycomyces blakesleeanus,chaudhary2013,1583.4,sex_averaged,,,134.0,12.0,,121.0,53.9392,GS0432,c_value,,,False,False,False,,False,False,False,335,Chaudhary,2013
RM0336,ott821359,Physcomitrella patens,kamisugi2008,4410.0,sex_averaged,,,1420.0,31.0,27.0,188.0,477.948,GS0434,estimate_unspecified,,,False,False,False,True,True,False,False,336,Kamisugi,2008
RM0337,ott775738,Phytophthora capsici,lamour2012,1654.0,sex_averaged,,,1136.0,18.0,9.0,65.0,64.0,GS0436,estimate_unspecified,,,False,True,False,False,False,False,False,337,Lamour,2012
RM0338,ott775725,Phytophthora infestans,vanderlee2004,1091.0,sex_averaged,,,629.0,13.0,9.0,,240.0,GS0438,estimate_unspecified,,,False,False,False,True,True,False,False,338,vanderLee,2004
RM0339,ott517943,Picea abies,lind2014,1889.2,sex_averaged,,,686.0,12.0,12.0,247.0,18190.8,GS0439,c_value,,0.065,False,False,False,True,True,False,False,339,Lind,2014
RM0340,ott771681,Picea glauca,gosselin2002,2059.4,sex_averaged,,,165.0,23.0,12.0,,19755.6,GS0441,c_value,,0.091,False,True,False,False,False,False,False,340,Gosselin,2002
RM0341,ott363879,Picea mariana,kang2011,1865.0,sex_averaged,1670.0,1563.0,1216.0,12.0,12.0,,,,,,,False,False,False,True,False,False,False,341,Kang,2011
RM0342,ott763333,Pinctada martensii,shi2009,990.74,sex_averaged,,,3117.0,,28.0,,1154.04,GS0443,c_value,,,False,False,False,,False,False,False,342,Shi,2009
RM0343,ott855589,Pinctada maxima,jones2013,813.7,sex_averaged,,,887.0,14.0,14.0,,,,,,,False,False,False,True,False,False,False,343,Jones,2013
RM0344,ott1044480,Pinus balfouriana,friedline2015,1572.8,sex_averaged,,,507.0,12.0,12.0,,29281.32,GS0444,c_value,,,False,False,False,True,True,False,False,344,Friesline,2015
RM0345,ott245809,Pinus elliottii,yang2013,1036.3,sex_averaged,1006.7,1065.9,108.0,16.0,12.0,122.0,22787.4,GS0445,c_value,,,False,False,False,True,True,False,False,345,Yang,2013
RM0346,ott830806,Pinus koraiensis,chen2010b,857.46,sex_averaged,,,122.0,11.0,12.0,94.0,27579.6,GS0446,c_value,,,False,False,False,True,True,False,False,346,Chen,2010
RM0347,ott568626,Pinus lambertiana,jermstad2010,1231.0,sex_averaged,,,399.0,19.0,12.0,,27602.7,GS0448,estimate_unspecified,,,False,False,False,True,True,False,False,347,Jermstad,2011
RM0348,ott714296,Pinus massoniana,chen2014a,1956.0,sex_averaged,,,251.0,17.0,12.0,,25134.6,GS0449,c_value,,,False,False,False,True,True,False,False,348,Chen,2014
RM0349,ott837883,Pinus pinaster,chancerel2013,1708.0,sex_averaged,,,1131.0,12.0,12.0,,23814.3,GS0450,c_value,,0.323,False,False,False,True,True,False,False,349,Chancerel,2013
RM0350,ott568644,Pinus radiata,moragasuazo2014,1060.0,sex_averaged,,,458.0,12.0,12.0,86.0,21936.54,GS0451,c_value,,,False,False,False,True,True,False,False,350,Moraga-Suazo,2014
RM0351,ott568619,Pinus sylvestris,,1468.0,sex_averaged,,,358.0,39.0,12.0,102.0,41574.78,GS0453,c_value,,,False,True,False,False,False,False,True,351,Lind,2007
RM0352,ott1075736,Pinus taeda,westbrook2015,2305.0,sex_averaged,,,3856.0,12.0,12.0,1251.0,21516.0,GS0455,c_value,,1.357,False,False,False,True,True,False,False,352,Westbrook,2015
RM0353,ott200787,Pistacia vera,turkeli2013,1237.3,sex_averaged,,,144.0,17.0,15.0,,,,,,,False,False,False,True,False,False,False,353,Turkeli,2013
RM0354,ott359905,Pisum sativum,boutet2016,1255.0,sex_averaged,,,2071.0,7.0,7.0,,4772.64,GS0456,estimate_unspecified,,,False,False,False,True,True,False,False,354,Boutet,2016
RM0355,ott724404,Plasmodium chabaudi,martinello2005,1676.0,sex_averaged,,,614.0,22.0,14.0,,18.8678,GS0458,estimate_unspecified,,,False,False,False,True,True,False,False,355,Martinello,2005
RM0356,ott201128,Plasmodium falciparum,jiang2011,2514.0,sex_averaged,,,3438.0,14.0,14.0,32.0,23.2703,GS0460,estimate_unspecified,,96.0,False,False,False,True,True,False,False,356,Jiang,2011
RM0357,ott826551,Plasmodium yoelii,li2011,579.2,sex_averaged,,,,14.0,14.0,75.0,23.1254,GS0462,estimate_unspecified,,,False,False,False,,False,False,False,357,Li,2011
RM0358,ott216726,Pleurotus eryngii,im2016,1047.8,sex_averaged,,,256.0,12.0,,,43.7797,GS0464,c_value,,,False,False,False,,False,False,False,358,Im,2016
RM0359,ott17230,Pleurotus pulmonarius,okuda2009,971.0,sex_averaged,,,303.0,12.0,,150.0,,,,,,False,False,False,,False,False,False,359,Okuda,2009
RM0360,ott312452,Poecilia reticulata,tripathi2009,899.0,sex_averaged,,,790.0,23.0,23.0,,865.53,GS0466,c_value,,,False,False,False,True,True,False,False,360,Tripathi,2009
RM0361,ott1042743,Pogonomyrmex rugosus,sirvio2010,2823.0,male,,,215.0,14.0,16.0,92.0,255.0,GS0467,estimate_unspecified,3558.0,14.0,False,False,False,True,True,False,False,361,Sirvio,2011
RM0362,ott5763644,Populus adenopoda,wang2009c,2178.5,sex_averaged,,,212.0,26.0,19.0,189.0,508.56,GS0468,c_value,,,False,False,False,True,True,False,False,362,Wang,2010
RM0363,ott1030862,Populus alba,paolucci2010,3027.1,sex_averaged,,,322.0,19.0,19.0,141.0,508.56,GS0469,estimate_unspecified,,,False,False,False,True,True,False,False,363,Paolucci,2010
RM0364,ott8867,Populus deltoides,mousavi2016,4067.16,sex_averaged,,,2012.0,19.0,19.0,150.0,500.0,GS0470,c_value,,4.579,False,False,False,True,True,False,False,364,Mousavi,2016
RM0365,ott980995,Populus fremontii,woolbright2007,2030.6,sex_averaged,,,652.0,19.0,19.0,246.0,,,,,,False,False,False,True,False,False,False,365,Woolbright,2008
RM0366,ott8848,Populus nigra,gaudet2008,2278.5,sex_averaged,2104.0,2453.0,368.0,20.0,19.0,92.0,514.0368,GS0471,c_value,,3.761,False,False,False,True,True,False,False,366,Gaudet,2008
RM0367,ott980993,Populus simonii,,4356.04,sex_averaged,,,1430.0,19.0,19.0,150.0,,,,,,False,False,False,True,False,False,True,367,Mousavi,2016
RM0368,ott839584,Populus tremula,pakull2009,1542.35,sex_averaged,1681.5,1403.2,344.0,32.0,19.0,61.0,469.44,GS0472,c_value,,1.408,False,False,False,True,True,False,False,368,Pakull,2009
RM0369,ott8861,Populus trichocarpa,drost2009,2801.5,sex_averaged,,,411.0,,19.0,,489.0,GS0474,c_value,,7.83638001056187,False,False,False,,False,True,False,369,Corbet-Detig,2015
RM0370,ott718120,Portunus trituberculatus,liu2012b,3519.45,sex_averaged,3521.3,3517.6,919.0,51.0,53.0,110.0,2259.18,GS0475,c_value,,,False,False,False,True,True,False,False,370,Liu,2012
RM0371,ott3885394,Primulina eburnea,feng2016,3774.7,sex_averaged,,,216.0,18.0,18.0,189.0,1985.34,GS0476,c_value,,,False,False,False,True,True,False,False,371,Feng,2016
RM0372,ott197875,Pristionchus pacificus,srinivasan2002,338.6,sex_averaged,,,122.0,6.0,6.0,46.0,133.114,GS0478,estimate_unspecified,,,False,False,False,True,True,False,False,372,Srinivasan,2002
RM0373,ott217632,Prunus armeniaca,lalli2008,522.69,sex_averaged,,,450.0,8.0,8.0,67.0,293.4,GS0479,c_value,,1.123,False,False,False,True,True,False,False,373,Lalli,2008
RM0374,ott162547,Prunus avium,wang2015a,849.0,sex_averaged,,,718.0,8.0,8.0,,342.3,GS0480,estimate_unspecified,,8.0,False,False,False,True,True,False,False,374,Wang,2015
RM0375,ott731568,Prunus dulcis,tavassolian2010,591.4,sex_averaged,,,157.0,8.0,8.0,,240.0,GS0481,estimate_unspecified,,,False,False,False,True,True,False,False,375,Tavassolian,2010
RM0376,ott1020749,Prunus kansuensis,cao2011,616.0,sex_averaged,,,138.0,8.0,8.0,190.0,293.4,GS0482,estimate_unspecified,,,False,False,False,True,True,False,False,376,Cao,2011
RM0377,ott426562,Prunus mume,zhang2015b,1550.62,sex_averaged,,,8007.0,8.0,8.0,387.0,234.03,GS0484,estimate_unspecified,,,False,False,False,True,True,False,False,377,Zhang,2015
RM0378,ott259054,Prunus persica,nunezlillo2015,484.3,sex_averaged,,,195.0,,8.0,,273.84,GS0486,estimate_unspecified,,2.38609031239007,False,False,False,,False,True,False,378,Corbet-Detig,2015
RM0379,ott259054,Prunus persica,nunezlillo2015,389.2,sex_averaged,,,1837.0,8.0,8.0,,273.84,GS0486,estimate_unspecified,,,False,False,False,True,True,False,False,379,Nunez-Lillo,2015
RM0380,ott769156,Prunus virginiana,wang2014,2089.0,sex_averaged,,,302.0,14.0,16.0,101.0,,,,,,False,False,False,True,False,False,False,380,Wang,2014
RM0381,ott857565,Pseudocercospora fijiensis,arangoisaza2016,1416.0,sex_averaged,,,376.0,17.0,12.0,,74.1412,GS0488,estimate_unspecified,,,False,False,False,True,True,False,False,381,Arango_Isaza,2016
RM0382,ott1075713,Pseudotsuga menziesii,,938.6,sex_averaged,,,,19.0,13.0,40.0,18630.9,GS0490,c_value,,1.961,False,False,False,,False,False,True,382,Ukrainetz,2008
RM0383,ott561269,Pungitius pungitius,rastas2015,1980.74,sex_averaged,2335.72,1584.26,20054.0,21.0,21.0,284.0,,,,,,False,False,False,True,False,False,False,383,Rastas,2016
RM0384,ott646814,Punica granatum,sarkhosh2012,1141.0,sex_averaged,,,1092.0,11.0,8.0,76.0,704.16,GS0491,estimate_unspecified,,,False,False,False,True,True,False,False,384,Harel-Beja,2015
RM0385,ott411919,Pyrenophora teres,ellwood2010,2477.7,sex_averaged,,,243.0,25.0,9.0,,33.5833,GS0493,c_value,,,False,True,False,False,False,False,False,385,Ellwood,2010
RM0386,ott314016,Pyropia haitanensis,xu2015,874.33,sex_averaged,,,740.0,5.0,5.0,,,,,,,False,False,False,True,False,False,False,386,Xu,2015
RM0387,ott972654,Pyrus communis,wu2014,2243.4,sex_averaged,,,3241.0,17.0,17.0,,537.9,GS0494,estimate_unspecified,,,False,False,False,True,True,False,False,387,Wu,2014
RM0388,ott443418,Pyrus pyrifolia,yamamoto2014,1039.0,sex_averaged,,,275.0,17.0,17.0,,,,,,,False,False,False,True,False,False,False,388,Yamamoto,2014
RM0389,ott259068,Pyrus x,,1661.4,sex_averaged,,,743.0,17.0,,56.0,,,,,,False,False,False,,False,False,True,389,Chen,2015
RM0390,ott791121,Quercus,bodenes2016,742.0,sex_averaged,,,4216.0,12.0,12.0,,909.5,GS0495,estimate_unspecified,,,False,False,False,True,True,False,False,390,Bodenes,2016
RM0391,ott14718,Rana temporaria,cano2011,1698.8,sex_averaged,2089.8,1371.5,107.0,15.0,13.0,800.0,4169.21,GS0632,c_value,,,False,False,False,True,True,False,False,391,Cano,2011
RM0392,ott359073,Raphanus sativus,mun2014,1538.0,sex_averaged,,,2637.0,9.0,9.0,93.0,978.0,GS0498,estimate_unspecified,,,False,False,False,True,True,False,False,392,Mun,2015
RM0393,ott271555,Rattus norvegicus,steen1999,1503.0,sex_averaged,,,4736.0,21.0,22.0,91.0,3286.08,GS0500,c_value,,,False,False,False,True,True,False,False,393,Steen,1999
RM0394,ott633644,Rhyzopertha dominica,schlipalius2002,390.1,sex_averaged,,,94.0,9.0,9.0,92.0,476.0,GS0633,other_literature,,1.22,False,False,False,True,True,False,False,394,Schlipallus,2002
RM0395,ott248647,Ribes nigrum,russell2013,583.2,sex_averaged,,,1578.0,,8.0,,,,,,,False,False,False,,False,False,False,395,Russell,2014
RM0396,ott339346,Ricinus communis,rukam2016,1551.0,sex_averaged,,,141.0,10.0,10.0,190.0,508.56,GS0503,estimate_unspecified,,,False,False,False,True,True,False,False,396,Rukam,2016
RM0397,ott3905012,Rosa hybrida,bourke2017,573.66,sex_averaged,,,25695.0,7.0,7.0,,,,,,,False,False,False,True,False,False,False,397,Bourke,2017
RM0398,ott156929,Rubus idaeus,ward2013,462.7,sex_averaged,,,4521.0,7.0,7.0,,311.982,GS0504,c_value,,,False,False,False,True,True,False,False,398,Ward,2013
RM0399,ott670811,Rubus occidentalis,bushakra2012,309.0,sex_averaged,,,131.0,6.0,7.0,,293.4,GS0505,estimate_unspecified,,,False,False,False,True,True,False,False,399,Bushakra,2012
RM0400,ott913666,Ruditapes philippinarum,nie2017,1926.98,sex_averaged,,,9658.0,18.0,19.0,119.0,1967.0,GS0506,assembly_or_direct,,,False,False,False,True,True,False,False,400,Nie,2017
RM0401,ott246789,Saccharina japonica,zhang2015c,1782.75,sex_averaged,,,4994.0,31.0,31.0,,543.426,GS0508,estimate_unspecified,,,False,False,False,True,True,False,False,401,Zhang,2015
RM0402,ott895796,Saccharum spp,liu2015,7406.3,sex_averaged,,,967.0,,50.0,,4394.48,GS0509,c_value,,,False,False,False,,False,False,False,402,Liu,2016
RM0403,ott688328,Salmo salar,tsai2016,5961.0,sex_averaged,7153.0,4769.0,96000.0,29.0,29.0,622.0,3048.426,GS0511,c_value,,,False,False,False,True,True,False,False,403,Tsai,2016
RM0404,ott688332,Salmo trutta,leitwein2017,1403.0,sex_averaged,,,3977.0,40.0,40.0,300.0,2875.32,GS0512,c_value,,,False,False,False,True,True,False,False,404,Leitwein,2017
RM0405,ott847543,Salvia miltiorrhiza,liu2016c,1516.0,sex_averaged,,,5164.0,8.0,8.0,96.0,615.0,GS0513,estimate_unspecified,,,False,False,False,True,True,False,False,405,Liu,2016
RM0406,ott191483,Schistosoma mansoni,criscione2009,1134.84,sex_averaged,,,210.0,8.0,8.0,88.0,364.538,GS0515,estimate_unspecified,1228.6,,False,False,False,True,True,False,False,406,Criscione,2009
RM0407,ott433079,Sciaenops ocellatus,hollenbeck2015,1815.3,sex_averaged,,,486.0,24.0,24.0,207.0,381.42,GS0516,c_value,,,False,False,False,True,True,False,False,407,Hollenbeck,2015
RM0408,ott335717,Scleropages formosus,shen2014,2218.3,sex_averaged,2301.8,2097.4,308.0,28.0,22.0,,777.359,GS0518,estimate_unspecified,,,False,False,False,True,True,False,False,408,Shen,2014
RM0409,ott778695,Scophthalmus maximus,wang2015b,2622.09,sex_averaged,,,939.0,22.0,22.0,149.0,841.08,GS0519,c_value,,,False,False,False,True,True,False,False,409,Wang,2015
RM0410,ott807488,Scophthalmus rhombus,hermida2014,739.4,sex_averaged,,,70.0,24.0,22.0,142.0,,,,,,False,False,False,True,False,False,False,410,Hermida,2014
RM0411,ott1084541,Scylla paramamosain,ma2016,2746.4,sex_averaged,,,212.0,65.0,44.0,,1603.92,GS0520,c_value,5539.62,,False,False,False,True,True,False,False,411,Ma,2016
RM0412,ott206127,Sebastes schlegelii,chu2014,1346.85,sex_averaged,1334.1,1359.6,435.0,23.0,24.0,,,,,,,False,False,False,True,False,False,False,412,Chu,2014
RM0413,ott553015,Secale cereale,milczarski2016,1593.0,sex_averaged,,,3397.0,7.0,7.0,,8097.84,GS0521,estimate_unspecified,,,False,False,False,True,True,False,False,413,Milczarski,2015
RM0414,ott186469,Seriola quinqueradiata,aoki2015,1128.595,sex_averaged,1029.24,1227.95,1039.0,24.0,24.0,,811.74,GS0522,c_value,,,False,False,False,True,True,False,False,414,Aoki,2015
RM0415,ott504628,Sesamum indicum,zhang2016b,2981.28,sex_averaged,,,3041.0,13.0,16.0,120.0,948.66,GS0524,estimate_unspecified,,,False,False,False,True,True,False,False,415,Zhang,2016
RM0416,ott553005,Setaria italica,fang2016,1318.8,sex_averaged,,,1035.0,9.0,9.0,167.0,518.34,GS0526,estimate_unspecified,,,False,False,False,True,True,False,False,416,Fang,2016
RM0417,ott553005,Setaria italica,fang2016,1415.923,sex_averaged,,,983.0,,9.0,,518.34,GS0526,estimate_unspecified,,3.57138673723277,False,False,False,,False,True,False,417,Corbet-Detig,2015
RM0418,ott609504,Silene latifolia,bergero2013,671.1,sex_averaged,,,755.0,12.0,12.0,87.0,2640.6,GS0528,estimate_unspecified,,,False,False,False,True,True,False,False,418,Bergero,2013
RM0419,ott359058,Sinapis alba,javidfar2013,890.4,sex_averaged,,,264.0,12.0,12.0,,489.0,GS0529,estimate_unspecified,,,False,False,False,True,True,False,False,419,Javidfar,2013
RM0420,ott532954,Siraitia grosvenorii,liu2011,1463.3,sex_averaged,,,199.0,25.0,14.0,,,,,,,False,True,False,False,False,False,False,420,Liu,2011
RM0421,ott475230,Solanum bulbocastanum,iorizzo2014,645.0,sex_averaged,,,401.0,12.0,12.0,,,,,,,False,False,False,True,False,False,False,421,Iorizzo,2014
RM0422,ott885264,Solanum habrochaites,,118.7,sex_averaged,,,16.0,12.0,12.0,,724.285,GS0531,estimate_unspecified,,,True,False,False,False,False,False,True,422,Geethanjali,2011
RM0423,ott378964,Solanum lycopersicum,viquezzamora2014,1297.3,sex_averaged,,,715.0,12.0,12.0,100.0,823.786,GS0533,estimate_unspecified,,,False,False,False,True,True,False,False,423,Viquez-Zamora,2014
RM0424,ott494843,Solanum melongena,fukuoka2012,1285.5,sex_averaged,,,952.0,12.0,12.0,,958.44,GS0535,estimate_unspecified,,,False,False,False,True,True,False,False,424,Fukuoka,2012
RM0425,ott1069768,Solanum pennellii,vandenoevervandenelsen2016,789.7,sex_averaged,,,208.0,11.0,12.0,131.0,926.426,GS0537,estimate_unspecified,,,False,False,False,True,True,False,False,425,vandenOever-vandenElsen,2016
RM0426,ott797186,Solanum pimpinellifolium,chen2014b,1567.5,sex_averaged,,,365.0,12.0,12.0,,688.247,GS0539,estimate_unspecified,,,False,False,False,True,True,False,False,426,Chen,2014
RM0427,ott494835,Solanum tuberosum,endelman2016,883.0,sex_averaged,,,2264.0,12.0,12.0,109.0,860.64,GS0541,estimate_unspecified,,,False,False,False,True,True,False,False,427,Endelman,2016
RM0428,ott366998,Solea senegalensis,molinaluzon2014,1004.0,sex_averaged,,,129.0,27.0,21.0,,,,,,,False,False,False,True,False,False,False,428,Molina-Luzon,2015
RM0429,ott710233,Solea solea,diopere2014,1233.8,sex_averaged,,,423.0,33.0,17.0,,713.94,GS0542,c_value,1849.4,,False,True,False,False,False,False,False,429,Diopere,2014
RM0430,ott552986,Sorghum bicolor,ji2017,1227.0,sex_averaged,,,446.0,,10.0,,1188.27,GS0544,estimate_unspecified,,1.94479697742095,False,False,False,,False,True,False,430,Corbet-Detig,2015
RM0431,ott552986,Sorghum bicolor,ji2017,2158.0,sex_averaged,,,2246.0,10.0,10.0,130.0,1188.27,GS0544,estimate_unspecified,,,False,False,False,True,True,False,False,431,Ji,2017
RM0432,ott778648,Spartina pectinata,crawford2016,1838.0,sex_averaged,,,1773.0,20.0,20.0,63.0,,,,,,False,False,False,True,False,False,False,432,Crawford,2016
RM0433,ott760723,Sparus aurata,palaiokostas2016,3899.0,sex_averaged,3822.0,4010.0,12085.0,24.0,24.0,825.0,929.1,GS0545,c_value,,,False,False,False,True,True,False,False,433,Palaiokostas,2016
RM0434,ott317784,Spinacia oleracea,channavarrete2015,433.6,sex_averaged,,,283.0,6.0,6.0,335.0,1007.3,GS0547,c_value,,0.593,False,False,False,True,True,False,False,434,Chan-Navarrete,2016
RM0435,ott1040287,Strongyloides ratti,nemetschke2010,90.2,sex_averaged,,,74.0,3.0,3.0,50.0,43.1502,GS0549,estimate_unspecified,,,False,False,False,True,True,False,False,435,Nemetschke,2010
RM0436,ott647692,Struthio camelus,huang2008,365.4,sex_averaged,,,35.0,13.0,40.0,,2112.48,GS0551,c_value,,,True,False,False,False,False,False,False,436,Huang,2008
RM0437,ott226396,Suncus murinus,adjei2008,403.5,sex_averaged,,,42.0,12.0,20.0,,,,,,,True,False,False,False,False,False,False,437,Adjei,2008
RM0438,ott730013,Sus scrofa,tortereau2012,1603.8745458277,sex_averaged,,,2365.0,,20.0,,2922.264,GS0553,estimate_unspecified,,0.668784478803514,False,False,False,,False,True,False,438,Corbet-Detig,2015
RM0439,ott730013,Sus scrofa,tortereau2012,2012.0,sex_averaged,2244.0,1782.0,38599.0,20.0,20.0,573.0,2922.264,GS0553,estimate_unspecified,,,False,False,False,True,True,False,False,439,Tortereau,2012
RM0440,ott708327,Taeniopygia guttata,backstrom2010,1479.0,sex_averaged,1330.0,1304.0,1398.0,29.0,35.0,1000.0,1222.5,GS0556,c_value,,1.5,False,False,False,True,True,False,False,440,Backstrom,2010
RM0441,ott65341,Takifugu rubripes,kai2011,1696.3,sex_averaged,2189.8,1202.8,1000.0,22.0,22.0,62.0,391.2,GS0558,c_value,,,False,False,False,True,True,False,False,441,Kai,2005
RM0442,ott843397,Taraxacum koksaghyz,arias2016,894.1,sex_averaged,,,518.0,8.0,8.0,94.0,1420.0,GS0634,other_literature,,,False,False,False,True,True,False,False,442,Arias,2016
RM0443,ott309291,Taxodium mucronatum,wang2016a,976.5,sex_averaged,,,179.0,34.0,11.0,148.0,8850.9,GS0560,c_value,,,False,True,False,False,False,False,False,443,Wang,2016
RM0444,ott302422,Theileria parva,katzer2011,1683.8,sex_averaged,,,39.0,4.0,2.0,35.0,8.34761,GS0562,estimate_unspecified,,220.0,True,True,False,False,False,False,False,444,Katzer,2011
RM0445,ott388185,Theobroma cacao,royaert2016,852.8,sex_averaged,,,3526.0,10.0,10.0,,420.5,GS0564,c_value,,2.623,False,False,False,True,True,False,False,445,Royaert,2016
RM0446,ott833202,Thunnus orientalis,uchino2016,1162.6,sex_averaged,1332.3,992.9,370.0,24.0,24.0,193.0,800.0,GS0566,estimate_unspecified,,,False,False,False,True,True,False,False,446,Uchino,2016
RM0447,ott461524,Tigriopus californicus,foley2011,401.0,sex_averaged,,,190.0,12.0,12.0,250.0,244.5,GS0567,c_value,,,False,False,False,True,True,False,False,447,Foley,2011
RM0448,ott61762,Torreya grandis,zeng2014,7139.9,sex_averaged,,,262.0,10.0,11.0,96.0,,,,,,False,False,False,True,False,False,False,448,Zeng,2014
RM0449,ott252145,Toxoplasma gondii,khan2005,592.0,sex_averaged,,,,14.0,14.0,71.0,65.6681,GS0569,estimate_unspecified,,,False,False,False,,False,False,False,449,Khan,2005
RM0450,ott148904,Tribolium castaneum,lorenzen2005,571.0,sex_averaged,,,424.0,10.0,10.0,,202.935,GS0571,c_value,,,False,False,False,True,True,False,False,450,Lorenzen,2005
RM0451,ott389727,Tribolium confusum,yezerski2003,968.0,sex_averaged,,,137.0,8.0,8.0,182.0,245.0,GS0635,other_literature,,4.0,False,False,False,True,True,False,False,451,Yezerski,2003
RM0452,ott137951,Trichogramma brassicae,laurent1998,1330.0,sex_averaged,,,84.0,7.0,5.0,93.0,246.0,GS0636,other_literature,,5.4,False,False,False,True,True,False,False,452,Laurent,1998
RM0453,ott839027,Trifolium pratense,hirakawa2016,2084.0,sex_averaged,,,2153.0,8.0,7.0,155.0,528.12,GS0573,c_value,,0.702,False,False,False,True,True,False,False,453,Hirakawa,2016
RM0454,ott116218,Trifolium repens,griffiths2013,1274.0,sex_averaged,,,1109.0,16.0,16.0,,1095.36,GS0574,estimate_unspecified,,,False,False,False,True,True,False,False,454,Griffiths,2013
RM0455,ott539553,Trifolium subterraneum,ghamkhar2011,1701.7,sex_averaged,,,144.0,8.0,8.0,,547.68,GS0576,estimate_unspecified,,,False,False,False,True,True,False,False,455,Ghamkhar,2012
RM0456,ott4731601,Triticosecale,alheit2011,2309.9,sex_averaged,,,1929.0,8.0,7.0,,,,,,,False,False,False,True,False,False,False,456,Alheit,2011
RM0457,ott31926,Triticum aestivum,zhai2016,2875.3,sex_averaged,,,10990.0,21.0,21.0,191.0,16948.74,GS0578,estimate_unspecified,,,False,False,False,True,True,False,False,457,Zhai,2016
RM0458,ott605173,Triticum dicoccum,russo2014,2879.3,sex_averaged,,,9040.0,45.0,14.0,136.0,11765.34,GS0579,c_value,,,False,True,False,False,False,False,False,458,Russo,2014
RM0459,ott494245,Trypanosoma brucei,macleod2005,1157.5,sex_averaged,,,182.0,11.0,11.0,,22.1481,GS0581,estimate_unspecified,,,False,False,False,True,True,False,False,459,MacLeod,2005
RM0460,ott99027,Typhula ishikariensis,chang2008,436.0,sex_averaged,,,502.0,7.0,7.0,93.0,,,,,,False,False,False,True,False,False,False,460,Chang,2008
RM0461,ott616561,Undaria pinnatifida,shan2015,1816.28,sex_averaged,,,4626.0,30.0,30.0,101.0,560.0,GS0637,other_literature,,,False,False,False,True,True,False,False,461,Shan,2015
RM0462,ott322300,Urochloa humidicola,vigna2016,1702.82,sex_averaged,,,102.0,49.0,36.0,,,,,,,False,False,False,True,False,False,False,462,Vigna,2016
RM0463,ott567253,Vaccinium corymbosum,mccallum2016,1621.0,sex_averaged,,,785.0,12.0,12.0,,655.26,GS0582,estimate_unspecified,,,False,False,False,True,True,False,False,463,McCallum,2016
RM0464,ott295602,Vaccinium macrocarpon,covarrubiaspazaran2016,1112.0,sex_averaged,,,4849.0,12.0,12.0,,414.622,GS0584,estimate_unspecified,,,False,False,False,True,True,False,False,464,Covarrubias-Pazaran,2016
RM0465,ott1064791,Vanilla tahitensis,lepersandrzejewski2012,1035.85,sex_averaged,,,225.0,18.0,13.0,,5603.94,GS0585,c_value,,,False,False,False,True,True,False,False,465,Lepers-Andrzejewski,2012
RM0466,ott581449,Venturia inaequalis,broggini2011,975.0,sex_averaged,,,217.0,13.0,7.0,,55.1254,GS0587,estimate_unspecified,,,False,True,False,False,False,False,False,466,Broggini,2011
RM0467,ott52839,Vespula vulgaris,sirvio2011,2129.0,sex_averaged,,,210.0,38.0,25.0,96.0,219.8,GS0588,estimate_unspecified,,9.7,False,False,False,True,True,False,False,467,Sirvio,2011
RM0468,ott539544,Vicia faba,kaur2014,1216.8,sex_averaged,,,822.0,6.0,6.0,,17622.582,GS0590,c_value,,0.12,False,False,False,True,True,False,False,468,Kaur,2014
RM0469,ott1065959,Vigna angularis,liu2016d,1628.15,sex_averaged,,,2032.0,11.0,11.0,,537.9,GS0592,estimate_unspecified,,,False,False,False,True,True,False,False,469,Liu,2016
RM0470,ott1065954,Vigna mungo,gupta2008,865.1,sex_averaged,,,428.0,11.0,11.0,104.0,537.9,GS0593,estimate_unspecified,,,False,False,False,True,True,False,False,470,Gupta,2008
RM0471,ott806245,Vigna radiata,wang2016,732.9,sex_averaged,,,560.0,11.0,11.0,,894.87,GS0595,c_value,,0.584,False,False,False,True,True,False,False,471,Wang,2016
RM0472,ott853659,Vigna subterranea,,608.3,sex_averaged,,,238.0,21.0,11.0,,880.2,GS0596,estimate_unspecified,,,False,True,False,False,False,False,True,472,Ahmad,2016
RM0473,ott1065941,Vigna unguiculata,kongjaimun2012,852.4,sex_averaged,,,226.0,11.0,11.0,,586.8,GS0598,estimate_unspecified,,,False,False,False,True,True,False,False,473,Kongjaimun,2012
RM0474,ott581960,Vigna vexillata,marubodee2015,973.9,sex_averaged,,,559.0,11.0,11.0,300.0,567.24,GS0599,estimate_unspecified,,,False,False,False,True,True,False,False,474,Marubodee,2015
RM0475,ott805071,Vitis amurensis,liu2013c,1123.0,sex_averaged,,,228.0,21.0,19.0,94.0,489.0,GS0600,estimate_unspecified,,,False,False,False,True,True,False,False,475,Liu,2013
RM0476,ott314458,Vitis cinerea,zhang2009,1155.98,sex_averaged,,,235.0,19.0,19.0,,489.0,GS0601,estimate_unspecified,,,False,False,False,True,True,False,False,476,Zhang,2009
RM0477,ott756728,Vitis vinifera,guo2015b,1929.13,sex_averaged,,,7199.0,19.0,19.0,,446.946,GS0603,c_value,,0.822,False,False,False,True,True,False,False,477,Guo,2015
RM0478,ott940184,Xenopus tropicalis,wells2011,1668.0,sex_averaged,,,2886.0,10.0,10.0,,1440.4,GS0605,estimate_unspecified,,,False,False,False,True,True,False,False,478,Wells,2011
RM0479,ott416852,Xiphophorus maculatus,amores2014,1328.3,sex_averaged,,,16114.0,24.0,24.0,267.0,885.09,GS0607,c_value,,,False,False,False,True,True,False,False,479,Amores,2014
RM0480,ott605194,Zea mays,zhou2016b,1399.3,sex_averaged,,,1012.0,,10.0,,2669.9,GS0609,c_value,,0.691854109712248,False,False,False,,False,True,False,480,Corbet-Detig,2015
RM0481,ott605194,Zea mays,zhou2016b,1545.65,sex_averaged,,,4183.0,10.0,10.0,314.0,2669.9,GS0609,c_value,,0.67,False,False,False,True,True,False,False,481,Zhou,2016
RM0482,ott908705,Zea nicaraguensis,mano2010,793.5,sex_averaged,,,236.0,10.0,10.0,,,,,,,False,False,False,True,False,False,False,482,Mano,2012
RM0483,ott73483,Ziziphus jujuba,zhang2016c,1456.53,sex_averaged,,,2540.0,12.0,12.0,145.0,437.754,GS0611,estimate_unspecified,,,False,False,False,True,True,False,False,483,Zhang,2016
RM0484,ott586007,Zoysia japonica,wang2015c,1337.2,sex_averaged,,,2408.0,21.0,20.0,60.0,420.54,GS0613,estimate_unspecified,,,False,False,False,True,True,False,False,484,Wang,2015
RM0485,ott205630,Zoysia matrella,huang2016,1824.95,sex_averaged,,,2563.0,20.0,20.0,,563.439,GS0615,estimate_unspecified,,,False,False,False,True,True,False,False,485,Huang,2016
RM0486,ott906425,Zymoseptoria tritici,lendenmann2014,4255.4,sex_averaged,,,9745.0,21.0,21.0,263.0,39.6863,GS0617,estimate_unspecified,,,False,False,False,True,True,False,False,486,Lendenmann,2014
