map_id,ott_id,species_name,ref_id,map_length_cM,genome_size_mb,genome_size_method,map_sex,n_markers,n_linkage_groups,haploid_chromosome_number,passes_2017_criteria,in_published_353,recombination_rate_cM_per_Mb,map_length_per_chromosome_cM,marker_interval_cM,fm_map_length_ratio
RM0001,ott444202,Acacia mangium,butcher2000,966.0,635.7,c_value,sex_averaged,252.0,13.0,13.0,True,True,1.519585,74.308,3.8333,1.0491
RM0002,ott735589,Acromyrmex echinatior,sirvio2006,2033.8,335.0,estimate_unspecified,sex_averaged,145.0,22.0,19.0,True,True,6.071045,107.042,14.0262,
RM0003,ott718262,Acropora millepora,wang2009a,1391.0,420.0,other_literature,sex_averaged,429.0,14.0,14.0,True,True,3.311905,99.357,3.2424,1.2542
RM0004,ott279981,Actinidia chinensis,scaglione2015,3445.0,1408.32,estimate_unspecified,sex_averaged,6112.0,29.0,29.0,True,True,2.446177,118.793,0.5636,1.1032
RM0006,ott814484,Acyrthosiphon pisum,hawthorne2001a,394.0,165.0,other_literature,sex_averaged,173.0,4.0,5.0,True,True,2.387879,78.8,2.2775,
RM0007,ott269666,Aedes aegypti,juneja2014,235.0,942.14,c_value,sex_averaged,2000.0,3.0,3.0,True,True,0.249432,78.333,0.1175,
RM0008,ott793181,Aedes albopictus,sutherland2010,212.6,1090.47,c_value,sex_averaged,73.0,3.0,3.0,True,True,0.194962,70.867,2.9123,
RM0009,ott327444,Aegilops sharonensis,olivera2013,818.0,6894.9,estimate_unspecified,sex_averaged,401.0,10.0,7.0,True,True,0.118638,116.857,2.0399,
RM0010,ott881533,Aegilops tauschii,luo2013,1374.4,4327.21,estimate_unspecified,sex_averaged,7185.0,7.0,7.0,True,True,0.317618,196.343,0.1913,
RM0011,ott790374,Aegilops umbellulata,edae2017,948.72,4938.9,c_value,sex_averaged,3009.0,7.0,7.0,True,True,0.192091,135.531,0.3153,
RM0012,ott564405,Agaricus bisporus,foulongneoriol2010,1156.0,30.2337,estimate_unspecified,sex_averaged,231.0,13.0,13.0,True,True,38.235479,88.923,5.0043,
RM0014,ott550221,Agrostis capillaris,rotter2009,1156.0,4000.02,estimate_unspecified,sex_averaged,212.0,14.0,14.0,True,True,0.288999,82.571,5.4528,
RM0015,ott307879,Agrostis stolonifera,honig2014,1424.0,3423.0,estimate_unspecified,sex_averaged,385.0,14.0,14.0,True,True,0.416009,101.714,3.6987,
RM0016,ott781600,Allium cepa,baldwin2012,808.0,16381.5,estimate_unspecified,sex_averaged,93.0,8.0,9.0,True,True,0.049324,89.778,8.6882,
RM0017,ott856720,Allium fistulosum,tsukazaki2012,1670.0,12254.34,estimate_unspecified,sex_averaged,268.0,17.0,8.0,False,False,0.136278,208.75,6.2313,
RM0018,ott317810,Amaranthus hybridus,maughan2011,1288.0,616.14,c_value,sex_averaged,411.0,16.0,16.0,True,True,2.090434,80.5,3.1338,
RM0019,ott1092552,Ambystoma tigrinum,smith2005,5251.3,30875.46,estimate_unspecified,sex_averaged,790.0,14.0,14.0,True,True,0.17008,375.093,6.6472,
RM0022,ott627039,Ananas comosus,desousa2013,2113.0,537.9,c_value,sex_averaged,741.0,28.0,25.0,True,True,3.928239,84.52,2.8516,
RM0023,ott765167,Anas platyrhynchos,huang2009,1766.0,1375.72,c_value,sex_averaged,260.0,32.0,40.0,True,True,1.283691,44.15,6.7923,
RM0024,ott854198,Anguilla japonica,kai2014,1436.5,1151.14,estimate_unspecified,sex_averaged,2787.0,19.0,19.0,True,True,1.247893,75.605,0.5154,1.1345
RM0025,ott286257,Anopheles funestus,wondji2007,145.0,225.224,estimate_unspecified,sex_averaged,56.0,3.0,3.0,True,True,0.643804,48.333,2.5893,
RM0026,ott553555,Anopheles gambiae,zheng1996,166.1,264.06,c_value,sex_averaged,38.0,,3.0,,False,0.629024,55.367,4.3711,
RM0027,ott441856,Anoplopoma fimbria,rondeau2013,1332.8,757.95,c_value,sex_averaged,360.0,24.0,24.0,True,True,1.758427,55.533,3.7022,1.8712
RM0028,ott319626,Anthurium andreanum,venkat2014,1023.5,4694.4,c_value,sex_averaged,78.0,12.0,15.0,True,True,0.218026,68.233,13.1218,
RM0030,ott625771,Apis cerana,shi2013,574.5,185.82,c_value,sex_averaged,1535.0,19.0,16.0,True,True,3.091702,35.906,0.3743,
RM0031,ott461645,Apis mellifera,solignac2007,2145.0,229.83,c_value,sex_averaged,1163.0,,16.0,,False,9.332985,134.062,1.8444,
RM0032,ott461645,Apis mellifera,solignac2007,4115.0,229.83,c_value,sex_averaged,2008.0,16.0,16.0,True,True,17.904538,257.188,2.0493,
RM0033,ott721060,Apostichopus japonicus,tian2015,3706.6,664.37,estimate_unspecified,sex_averaged,7839.0,22.0,22.0,True,True,5.57912,168.482,0.4728,2.044
RM0034,ott152273,Arabidopsis halleri,willems2007,567.0,234.72,estimate_unspecified,sex_averaged,85.0,8.0,8.0,True,True,2.415644,70.875,6.6706,
RM0035,ott309263,Arabidopsis thaliana,singer2006,422.5,123.5,c_value,sex_averaged,666.0,5.0,5.0,True,False,3.421053,84.5,0.6344,
RM0036,ott309263,Arabidopsis thaliana,singer2006,422.5,123.5,c_value,sex_averaged,666.0,5.0,5.0,True,True,3.421053,84.5,0.6344,
RM0037,ott607569,Arachis duranensis,nagy2010,1081.3,1242.06,estimate_unspecified,sex_averaged,1724.0,10.0,10.0,True,True,0.87057,108.13,0.6272,
RM0038,ott39541,Arachis hypogaea,zhou2014,1446.7,2806.86,estimate_unspecified,sex_averaged,1685.0,20.0,20.0,True,True,0.515416,72.335,0.8586,
RM0039,ott887220,Argopecten irradians,li2012,849.3,1173.6,c_value,sex_averaged,161.0,16.0,16.0,True,True,0.723671,53.081,5.2752,0.9969
RM0040,ott429101,Aristichthys nobilis,zhu2014,1917.3,865.53,c_value,sex_averaged,659.0,24.0,24.0,True,True,2.215175,79.888,2.9094,1.1201
RM0041,ott59094,Artemia franciscana,devos2013,1177.0,948.66,c_value,sex_averaged,433.0,21.0,21.0,True,True,1.240697,56.048,2.7182,1.2613
RM0042,ott5712886,Ascochyta rabiei,phan2003,1271.0,34.6583,estimate_unspecified,sex_averaged,126.0,18.0,14.0,True,True,36.672312,90.786,10.0873,
RM0043,ott117339,Aspergillus nidulans,christians2011,3624.7,30.2427,estimate_unspecified,sex_averaged,739.0,8.0,8.0,True,True,119.853717,453.088,4.9049,
RM0044,ott710025,Astatotilapia burtoni,sanetra2009,1249.3,948.66,c_value,sex_averaged,204.0,25.0,20.0,True,True,1.31691,62.465,6.124,
RM0045,ott701518,Astyanax mexicanus,carlson2015,2110.7,1191.24,estimate_unspecified,sex_averaged,2235.0,25.0,25.0,True,True,1.771851,84.428,0.9444,
RM0046,ott106278,Athalia rosae,nishimori2000,517.2,163.838,estimate_unspecified,sex_averaged,61.0,16.0,8.0,False,False,3.156777,64.65,8.4787,
RM0047,ott790381,Avena sativa,chaffin2016,2843.0,12938.94,c_value,sex_averaged,7202.0,21.0,21.0,True,True,0.219724,135.381,0.3948,
RM0048,ott227727,Bactrocera cucurbitae,sim2017,646.0,373.0,estimate_unspecified,sex_averaged,944.0,5.0,5.0,True,True,1.731903,129.2,0.6843,
RM0049,ott35910,Barbarea vulgaris,kuzina2011,889.0,167.352,assembly_or_direct,sex_averaged,131.0,8.0,8.0,True,True,5.312156,111.125,6.7863,
RM0050,ott434483,Begonia plebeja,brennan2012,1099.0,616.14,estimate_unspecified,sex_averaged,225.0,14.0,14.0,True,True,1.783686,78.5,4.8844,
RM0051,ott273185,Beta vulgaris,laurent2007,555.0,1222.5,estimate_unspecified,sex_averaged,284.0,9.0,9.0,True,True,0.453988,61.667,1.9542,
RM0052,ott267719,Betula pendula,jiang2010,2489.7,1369.2,c_value,sex_averaged,226.0,23.0,14.0,True,True,1.818361,177.836,11.0164,
RM0054,ott559934,Bicyclus anynana,beldade2009,1642.2,479.22,c_value,sex_averaged,297.0,27.0,28.0,True,True,3.426819,58.65,5.5293,
RM0055,ott907693,Bison bison,schnabel2003,2647.0,4792.2,c_value,sex_averaged,292.0,29.0,30.0,True,True,0.552356,88.233,9.0651,
RM0056,ott968114,Biston betularia,vanthof2012,1638.0,500.0,assembly_or_direct,sex_averaged,227.0,31.0,31.0,True,True,3.276,52.839,7.2159,
RM0057,ott555363,Blumeria graminis,pedersen2002,2114.0,118.726,estimate_unspecified,sex_averaged,359.0,34.0,,,False,17.805704,,5.8886,
RM0058,ott594991,Boehmeria nivea,liu2014,2265.1,716.0,assembly_or_direct,sex_averaged,142.0,18.0,14.0,True,True,3.163547,161.793,15.9514,
RM0059,ott161197,Bombus terrestris,stolle2011,2047.0,518.34,c_value,sex_averaged,516.0,18.0,18.0,True,True,3.949145,113.722,3.9671,
RM0060,ott440274,Bombyx mori,zhan2009a,685.25,513.45,c_value,sex_averaged,1604.0,,28.0,,False,1.334599,24.473,0.4272,
RM0061,ott440274,Bombyx mori,zhan2009a,3320.0,513.45,c_value,sex_averaged,692.0,27.0,28.0,True,True,6.466063,118.571,4.7977,
RM0062,ott490099,Bos taurus,ihara2004,3097.366,3537.1,c_value,sex_averaged,5499.0,,31.0,,False,0.87568,99.915,0.5633,
RM0063,ott490099,Bos taurus,ihara2004,3159.1,3537.1,estimate_unspecified,sex_averaged,3960.0,29.0,31.0,True,True,0.893133,101.906,0.7978,
RM0064,ott413237,Brachypodium distachyon,huo2011,1598.0,352.08,estimate_unspecified,sex_averaged,556.0,,5.0,,False,4.538741,319.6,2.8741,
RM0065,ott41113,Bracon hebetor,holloway2000,536.1,165.0,estimate_unspecified,sex_averaged,71.0,10.0,10.0,True,True,3.249091,53.61,7.5507,
RM0066,ott240937,Brassica campestris,cheng2009,973.3,567.24,estimate_unspecified,sex_averaged,268.0,10.0,10.0,True,True,1.715852,97.33,3.6317,
RM0067,ott749459,Brassica carinata,zou2014,2048.0,1545.24,estimate_unspecified,sex_averaged,1366.0,17.0,17.0,True,True,1.32536,120.471,1.4993,
RM0068,ott309279,Brassica juncea,zou2016,1579.0,1496.34,estimate_unspecified,sex_averaged,3329.0,18.0,18.0,True,True,1.055241,87.722,0.4743,
RM0069,ott309234,Brassica napus,zhang2016a,1917.9,1124.7,estimate_unspecified,sex_averaged,1826.0,19.0,19.0,True,True,1.705255,100.942,1.0503,
RM0070,ott833642,Brassica oleracea,zhao2016a,890.01,762.8,c_value,sex_averaged,2741.0,8.0,9.0,True,True,1.166767,98.89,0.3247,
RM0071,ott833632,Brassica rapa,yu2016,858.98,782.4,estimate_unspecified,sex_averaged,3688.0,10.0,10.0,True,True,1.097878,85.898,0.2329,
RM0072,ott395053,Caenorhabditis briggsae,ross2011,484.4527,108.384,estimate_unspecified,sex_averaged,,,6.0,,False,4.469781,80.742,,
RM0073,ott395048,Caenorhabditis elegans,yook2011,233.287,100.286,estimate_unspecified,sex_averaged,5220.0,,6.0,,False,2.326217,38.881,0.0447,
RM0074,ott612448,Cajanus cajan,bohra2012,1059.0,860.64,estimate_unspecified,sex_averaged,339.0,11.0,11.0,True,True,1.23048,96.273,3.1239,
RM0076,ott776348,Camelina sativa,gehringer2006,1385.6,641.356,estimate_unspecified,sex_averaged,160.0,20.0,20.0,True,True,2.160423,69.28,8.66,
RM0077,ott1058509,Camellia sinensis,taniguchi2012,1218.0,3814.2,c_value,sex_averaged,1124.0,15.0,15.0,True,True,0.319333,81.2,1.0836,
RM0078,ott247341,Canis lupus,wong2010,2084.8,2748.18,c_value,sex_averaged,3065.0,,39.0,,False,0.758611,53.456,0.6802,
RM0079,ott247341,Canis lupus,wong2010,2085.1,2748.18,c_value,sex_averaged,3549.0,39.0,39.0,True,True,0.75872,53.464,0.5875,1.2501
RM0080,ott19017,Capra hircus,schibler1998,2737.0,3168.72,c_value,sex_averaged,284.0,40.0,30.0,True,True,0.863756,91.233,9.6373,
RM0081,ott833644,Capsella bursa-pastoris,linde2001,1064.4,391.2,c_value,sex_averaged,114.0,17.0,16.0,True,True,2.720859,66.525,9.3368,
RM0082,ott19798,Capsella rubella,slotte2012,381.82633647,215.16,estimate_unspecified,sex_averaged,877.0,,8.0,,False,1.774616,47.728,0.4354,
RM0083,ott473836,Capsicum annuum,han2016,1372.0,3090.48,estimate_unspecified,sex_averaged,2578.0,12.0,12.0,True,True,0.443944,114.333,0.5322,
RM0084,ott232458,Capsicum baccatum,lee2016,1056.0,3628.38,estimate_unspecified,sex_averaged,395.0,12.0,12.0,True,True,0.291039,88.0,2.6734,
RM0085,ott1005907,Carassius auratus,kuang2016,5252.0,1643.04,estimate_unspecified,sex_averaged,8521.0,50.0,50.0,True,True,3.196514,105.04,0.6164,
RM0086,ott429474,Carica papaya,chen2007,1069.9,372.0,c_value,sex_averaged,707.0,12.0,18.0,True,True,2.876075,59.439,1.5133,
RM0087,ott1061541,Carthamus tinctorius,bowers2016,959.44,1369.2,estimate_unspecified,sex_averaged,57388.0,12.0,12.0,True,True,0.70073,79.953,0.0167,
RM0088,ott540978,Castanea mollissima,kubisiak2012,743.0,833.241,estimate_unspecified,sex_averaged,1393.0,12.0,12.0,True,True,0.891699,61.917,0.5334,
RM0089,ott524094,Catharanthus roseus,sharma2012,1790.4,2376.5,c_value,sex_averaged,564.0,8.0,6.0,True,True,0.753377,298.4,3.1745,
RM0090,ott780217,Ceratopteris richardii,nakazato2006,2178.8,11294.0,estimate_unspecified,sex_averaged,729.0,41.0,39.0,True,True,0.192917,55.867,2.9888,
RM0092,ott117198,Chenopodium quinoa,maughan2012,1404.0,1447.44,estimate_unspecified,sex_averaged,14689.0,20.0,18.0,True,True,0.969988,78.0,0.0956,
RM0093,ott324777,Chimonanthus praecox,chen2010a,1801.0,600.0,other_literature,sex_averaged,84.0,12.0,11.0,True,True,3.001667,163.727,21.4405,2.0417
RM0094,ott33153,Chlamydomonas reinhardtii,kathir2003,1000.0,120.405,estimate_unspecified,sex_averaged,264.0,17.0,17.0,True,True,8.305303,58.824,3.7879,
RM0095,ott56422,Chlamys farreri,zhan2009b,1561.8,1244.016,c_value,sex_averaged,154.0,19.0,19.0,True,True,1.25545,82.2,10.1416,
RM0097,ott3899190,Chrysanthemum morifolium,zhang2010,2873.0,8635.74,estimate_unspecified,sex_averaged,342.0,55.0,27.0,False,False,0.332687,106.407,8.4006,
RM0098,ott612429,Cicer arietinum,gaur2015,1083.93,929.1,estimate_unspecified,sex_averaged,6714.0,8.0,8.0,True,True,1.166645,135.491,0.1614,
RM0099,ott744224,Ciona intestinalis,kano2006,4218.9,150.0,other_literature,sex_averaged,276.0,14.0,14.0,True,True,28.126,301.35,15.2859,
RM0100,ott677382,Ciona savignyi,hill2008,650.0,170.0,other_literature,sex_averaged,110.0,14.0,14.0,True,True,3.823529,46.429,5.9091,
RM0101,ott1006251,Citrullus lanatus,reddy2014,799.3,440.1,estimate_unspecified,sex_averaged,922.0,,11.0,,False,1.816178,72.664,0.8669,
RM0102,ott1006251,Citrullus lanatus,reddy2014,1096.0,440.1,other_literature,sex_averaged,10480.0,11.0,11.0,True,True,2.490343,99.636,0.1046,
RM0103,ott236255,Citrus clementina,ollitrault2012,1084.08,469.44,estimate_unspecified,sex_averaged,517.0,,9.0,,False,2.309305,120.453,2.0969,
RM0104,ott236255,Citrus clementina,ollitrault2012,1084.1,301.365,estimate_unspecified,sex_averaged,961.0,9.0,9.0,True,True,3.597299,120.456,1.1281,
RM0105,ott3942433,Citrus sinensis,guo2015a,976.58,490.956,c_value,sex_averaged,1563.0,9.0,9.0,True,True,1.98914,108.509,0.6248,
RM0107,ott192116,Clunio marinus,kaiser2012,179.65,95.0,estimate_unspecified,sex_averaged,344.0,3.0,3.0,True,True,1.891053,59.883,0.5222,0.8704
RM0108,ott4930749,Cochliobus sativus,zhong2002,849.4,33.4,estimate_unspecified,sex_averaged,158.0,27.0,15.0,False,False,25.431138,56.627,5.3759,
RM0109,ott366250,Cocos nucifera,riedel2008,2739.0,3107.106,c_value,sex_averaged,704.0,16.0,16.0,True,True,0.881528,171.188,3.8906,
RM0110,ott1001050,Coffea arabica,moncada2015,3800.0,1173.6,estimate_unspecified,sex_averaged,848.0,22.0,22.0,True,True,3.2379,172.727,4.4811,
RM0111,ott5304351,Coprinus cinereus,muraguchi2003,1346.0,37.5,other_literature,sex_averaged,219.0,13.0,13.0,True,True,35.893333,103.538,6.1461,
RM0112,ott679189,Corchorus capsularis,biswas2015,2016.0,586.8,estimate_unspecified,sex_averaged,705.0,9.0,7.0,True,True,3.435583,288.0,2.8596,
RM0113,ott578269,Corchorus olitorius,kundu2015,358.5,909.54,estimate_unspecified,sex_averaged,503.0,7.0,7.0,True,True,0.394155,51.214,0.7127,
RM0114,ott629345,Coregonus clupeaformis,gagnaire2012,3061.0,2386.32,c_value,sex_averaged,3438.0,40.0,40.0,True,True,1.282728,76.525,0.8903,
RM0115,ott148264,Cornus florida,wang2008a,1175.0,1545.24,c_value,sex_averaged,255.0,11.0,7.0,True,True,0.7604,167.857,4.6078,
RM0116,ott803622,Coturnix japonica,kikuchi2005,2816.0,1320.3,c_value,sex_averaged,1735.0,21.0,32.0,True,True,2.132849,88.0,1.6231,
RM0117,ott987409,Crassostrea gigas,hedgecock2015,588.0,557.736,estimate_unspecified,sex_averaged,1166.0,10.0,10.0,True,True,1.054262,58.8,0.5043,
RM0118,ott365708,Crassostrea virginica,yu2003,905.0,675.0,other_literature,sex_averaged,84.0,12.0,10.0,True,True,1.340741,90.5,10.7738,1.5195
RM0119,ott35872,Crocodylus porosus,miles2009,1071.55,2049.54,assembly_or_direct,sex_averaged,180.0,14.0,17.0,True,True,0.522825,63.032,5.9531,5.7182
RM0120,ott48333,Cryptococcus neoformans,marra2004,1500.0,19.0519,assembly_or_direct,sex_averaged,301.0,20.0,14.0,True,True,78.732305,107.143,4.9834,
RM0121,ott620749,Cryptomeria japonica,moriguchi2016,1266.2,10758.0,c_value,sex_averaged,2560.0,11.0,11.0,True,True,0.117698,115.109,0.4946,
RM0122,ott1005936,Ctenopharyngodon idella,xia2010,1176.1,1004.54571428571,c_value,sex_averaged,263.0,24.0,24.0,True,True,1.170778,49.004,4.4719,1.2932
RM0123,ott1006256,Cucumis melo,diaz2011,1150.0,929.1,c_value,sex_averaged,1592.0,12.0,12.0,True,True,1.237757,95.833,0.7224,
RM0124,ott1006246,Cucumis sativus,zhu2016,707.8,195.669,estimate_unspecified,sex_averaged,508.0,,7.0,,False,3.617333,101.114,1.3933,
RM0125,ott1006246,Cucumis sativus,zhu2016,1061.19,195.669,estimate_unspecified,sex_averaged,7532.0,7.0,7.0,True,True,5.423394,151.599,0.1409,
RM0126,ott379272,Cucurbita maxima,zhang2015a,2533.8,449.88,estimate_unspecified,sex_averaged,458.0,20.0,20.0,True,True,5.632169,126.69,5.5323,
RM0127,ott84409,Cucurbita moschata,gong2008,1936.0,420.54,estimate_unspecified,sex_averaged,659.0,20.0,20.0,True,True,4.603605,96.8,2.9378,
RM0128,ott379282,Cucurbita pepo,monteropau2017,2817.6,537.9,c_value,sex_averaged,7718.0,21.0,20.0,True,True,5.238148,140.88,0.3651,
RM0129,ott218684,Culex pipiens,hickner2013,189.9,684.6,c_value,sex_averaged,61.0,3.0,3.0,True,True,0.277388,63.3,3.1131,
RM0131,ott746120,Cyanistes caeruleus,hansson2009,935.0,1437.66,c_value,sex_averaged,98.0,18.0,39.0,True,True,0.650362,23.974,9.5408,
RM0132,ott991885,Cynara cardunculus,portis2009,1251.15,1075.8,c_value,sex_averaged,177.0,17.0,17.0,True,True,1.162995,73.597,7.0686,1.4641
RM0133,ott927435,Cynodon dactylon,harrisshultz2010,311.1,1110.03,estimate_unspecified,sex_averaged,36.0,8.0,9.0,False,False,0.280263,34.567,8.6417,
RM0134,ott927435,Cynodon dactylon,harrisshultz2010,1055.0,1110.03,estimate_unspecified,sex_averaged,125.0,26.0,18.0,True,True,0.950425,58.611,8.44,
RM0135,ott906506,Cynoglossus semilaevis,song2012,1620.4,606.36,estimate_unspecified,sex_averaged,352.0,,21.0,,False,2.67234,77.162,4.6034,0.9665
RM0136,ott906506,Cynoglossus semilaevis,song2012,1624.0,606.36,estimate_unspecified,sex_averaged,1007.0,21.0,21.0,True,True,2.678277,77.333,1.6127,
RM0137,ott429083,Cyprinus carpio,zhao2013a,3565.9,1741.9158,c_value,sex_averaged,1209.0,50.0,50.0,True,True,2.047114,71.318,2.9495,
RM0138,ott83469,Dactylis glomerata,zhao2016b,715.77,4303.2,estimate_unspecified,sex_averaged,2510.0,7.0,7.0,True,True,0.166334,102.253,0.2852,
RM0139,ott1005914,Danio rerio,bradley2011,2177.363,1817.124,c_value,sex_averaged,1706.0,,25.0,,False,1.198247,87.095,1.2763,
RM0140,ott1005914,Danio rerio,bradley2011,2177.363,1817.124,c_value,sex_averaged,3966.0,25.0,25.0,True,True,1.198247,87.095,0.549,
RM0141,ott668392,Daphnia magna,dukic2016,1614.5,129.543,assembly_or_direct,sex_averaged,4037.0,10.0,10.0,True,True,12.463043,161.45,0.3999,
RM0142,ott59086,Daphnia pulex,cristescu2006,1206.0,197.206,assembly_or_direct,sex_averaged,115.0,12.0,12.0,True,True,6.115433,100.5,10.487,
RM0143,ott372836,Daucus carota,cavagnaro2014,635.1,421.539,c_value,sex_averaged,894.0,9.0,9.0,True,True,1.506622,70.567,0.7104,
RM0147,ott842200,Dianthus caryophyllus,yagi2013,978.3,616.14,estimate_unspecified,sex_averaged,348.0,15.0,15.0,True,True,1.587788,65.22,2.8112,
RM0148,ott3549,Dicentrarchus labrax,chistiakov2008,1373.1,762.84,c_value,sex_averaged,368.0,35.0,24.0,True,True,1.799984,57.212,3.7312,1.3155
RM0150,ott505714,Drosophila melanogaster,comeron2012,105.46085,168.038181818182,c_value,sex_averaged,969.0,,4.0,,False,0.627601,26.365,0.1088,
RM0151,ott1082272,Drosophila pseudoobscura,mcgaugh2012,53.520111655,159.74,c_value,sex_averaged,141.0,,4.0,,False,0.335045,13.38,0.3796,
RM0152,ott86632,Drosophila serrata,stocker2012,245.3,205.38,c_value,sex_averaged,58.0,4.0,4.0,True,True,1.194371,61.325,4.2293,
RM0153,ott878345,Ectocarpus siliculosus,heesch2010,2459.3,195.811,estimate_unspecified,sex_averaged,406.0,34.0,34.0,True,True,12.55956,72.332,6.0574,
RM0154,ott775254,Eimeria maxima,blake2011,2883.9,45.9751,estimate_unspecified,sex_averaged,647.0,13.0,14.0,True,True,62.727433,205.993,4.4573,
RM0155,ott775246,Eimeria tenella,shirley2000,653.0,51.8944,estimate_unspecified,sex_averaged,443.0,16.0,12.0,True,True,12.583246,54.417,1.474,
RM0156,ott947656,Elaeis guineensis,ting2016,1499.5,1535.18,c_value,sex_averaged,1755.0,16.0,16.0,True,True,0.976758,93.719,0.8544,
RM0157,ott210313,Elaeis oleifera,montoya2013,1485.0,1402.73,estimate_unspecified,sex_averaged,362.0,16.0,16.0,True,True,1.05865,92.812,4.1022,
RM0158,ott173152,Elymus lanceolatus,mott2011,2574.0,8244.54,c_value,sex_averaged,515.0,14.0,14.0,True,True,0.312207,183.857,4.9981,
RM0159,ott306171,Epinephelus aeneus,dor2014,969.5,1075.8,c_value,sex_averaged,222.0,24.0,24.0,True,True,0.90119,40.396,4.3671,1.1885
RM0162,ott1068218,Equus caballus,swinburne2006,2692.1,3149.16,c_value,sex_averaged,409.0,,32.0,,False,0.854863,84.128,6.5822,
RM0163,ott1068218,Equus caballus,swinburne2006,2772.0,3149.16,c_value,sex_averaged,742.0,32.0,32.0,True,True,0.880235,86.625,3.7358,
RM0164,ott1094963,Eragrostis tef,zeid2011,1277.4,665.04,estimate_unspecified,sex_averaged,,30.0,20.0,,False,1.920787,63.87,,
RM0165,ott843929,Eremochloa ophiuroides,zheng2013,623.6,811.74,estimate_unspecified,sex_averaged,89.0,10.0,9.0,True,True,0.768226,69.289,7.0067,
RM0166,ott207983,Eriobotrya japonica,fukuda2016,1036.0,762.84,estimate_unspecified,sex_averaged,308.0,19.0,17.0,True,True,1.358083,60.941,3.3636,
RM0167,ott566723,Eriocheir sinensis,cui2015,5125.53,1680.0,estimate_unspecified,sex_averaged,10358.0,73.0,73.0,True,True,3.050911,70.213,0.4948,0.9876
RM0168,ott739941,Esox lucius,rondeau2014,1289.3,1095.36,c_value,sex_averaged,180.0,25.0,25.0,True,True,1.177056,51.572,7.1628,1.0736
RM0169,ott505234,Eucalyptus camaldulensis,agrama2002,1236.0,606.36,estimate_unspecified,sex_averaged,168.0,11.0,11.0,True,True,2.038393,112.364,7.3571,
RM0170,ott847929,Eucalyptus globulus,gion2016,1520.0,552.4722,c_value,sex_averaged,,11.0,11.0,,False,2.75127,138.182,,1.0922
RM0171,ott40959,Eucalyptus grandis,hudson2012,1107.0,591.5922,c_value,sex_averaged,4101.0,11.0,11.0,True,True,1.871221,100.636,0.2699,
RM0172,ott173799,Eucalyptus tereticornis,li2015a,1241.4,586.8,estimate_unspecified,sex_averaged,585.0,11.0,11.0,True,True,2.115542,112.855,2.1221,
RM0173,ott1049231,Eucalyptus urophylla,li2015b,1208.5,595.602,c_value,sex_averaged,700.0,11.0,11.0,True,True,2.02904,109.864,1.7264,
RM0174,ott743836,Eucommia ulmoides,li2014a,2133.0,723.72,estimate_unspecified,sex_averaged,706.0,25.0,17.0,True,True,2.947272,125.471,3.0212,
RM0175,ott904381,Fagopyrum esculentum,yabe2014,1574.3,1359.4,c_value,sex_averaged,8884.0,8.0,8.0,True,True,1.158084,196.788,0.1772,
RM0176,ott563163,Felis silvestris,li2016,4464.0,2894.88,c_value,sex_averaged,6637.0,19.0,19.0,True,True,1.542033,234.947,0.6726,
RM0177,ott475468,Fenneropenaeus chinensis,wang2012,1895.795,1660.0,estimate_unspecified,sex_averaged,236.0,39.0,44.0,True,True,1.142045,43.086,8.033,0.8259
RM0178,ott105576,Festuca arundinacea,dierking2015,1417.5,4185.84,estimate_unspecified,sex_averaged,594.0,22.0,21.0,True,True,0.338642,67.5,2.3864,0.7977
RM0179,ott107840,Ficedula albicollis,backstrom2008,1787.0,1118.34,estimate_unspecified,sex_averaged,211.0,33.0,30.0,True,True,1.597904,59.567,8.4692,
RM0180,ott107840,Ficedula albicollis,backstrom2008,3132.061,1118.34,estimate_unspecified,sex_averaged,3996.0,,30.0,,False,2.800634,104.402,0.7838,
RM0181,ott555467,Fragaria iinumae,mahoney2016,451.7,199.628,estimate_unspecified,sex_averaged,4173.0,7.0,7.0,True,True,2.262709,64.529,0.1082,
RM0182,ott852873,Fragaria vesca,davik2015,416.2,214.373,estimate_unspecified,sex_averaged,151.0,7.0,7.0,True,True,1.941476,59.457,2.7563,
RM0183,ott3904118,Fragaria xananassa,sargent2016,1820.0,697.762,estimate_unspecified,sex_averaged,8407.0,28.0,28.0,True,True,2.608339,65.0,0.2165,
RM0184,ott955281,Fusarium circinatum,devos2007,2774.4,43.9486,estimate_unspecified,sex_averaged,582.0,12.0,11.0,True,True,63.128291,252.218,4.767,
RM0185,ott264388,Fusarium graminearum,lee2008,1140.0,36.458,estimate_unspecified,sex_averaged,115.0,6.0,4.0,True,True,31.268857,285.0,9.913,
RM0186,ott404217,Fusarium oxysporum,teunissen2003,86.0,61.3869,c_value,sex_averaged,83.0,23.0,15.0,True,True,1.40095,5.733,1.0361,
RM0187,ott584890,Fusarium verticillioides,jurgenson2002,2188.0,41.8449,estimate_unspecified,sex_averaged,636.0,12.0,11.0,True,True,52.288331,198.909,3.4403,
RM0188,ott114170,Gadus morhua,hubert2010,1421.92,909.54,c_value,sex_averaged,924.0,23.0,23.0,True,True,1.56334,61.823,1.5389,
RM0189,ott153563,Gallus gallus,pengelly2016,2762.2,1230.26,estimate_unspecified,sex_averaged,500000.0,28.0,35.0,True,True,2.245216,78.92,0.0055,
RM0190,ott153563,Gallus gallus,pengelly2016,2867.6,1230.26,estimate_unspecified,sex_averaged,8349.0,,35.0,,False,2.330889,81.931,0.3435,
RM0191,ott401066,Gasterosteus aculeatus,rastas2015,1251.1609277,625.92,c_value,sex_averaged,1872.0,,22.0,,False,1.998915,56.871,0.6684,
RM0192,ott401066,Gasterosteus aculeatus,rastas2015,1980.74,625.92,c_value,sex_averaged,13060.0,21.0,22.0,True,True,3.164526,90.034,0.1517,1.4743
RM0193,ott717875,Gentiana scabra,nakatsuka2012,613.7,5000.0,estimate_unspecified,sex_averaged,263.0,19.0,13.0,True,True,0.12274,47.208,2.3335,
RM0194,ott232963,Globodera rostochiensis,vandervoort1999,431.0,95.8763,estimate_unspecified,sex_averaged,62.0,9.0,9.0,True,True,4.495376,47.889,6.9516,
RM0195,ott681762,Glycine max,song2016,2241.32,1105.14,estimate_unspecified,sex_averaged,2549.0,,20.0,,False,2.028087,112.066,0.8793,
RM0196,ott681762,Glycine max,song2016,2445.8,1105.14,estimate_unspecified,sex_averaged,21478.0,20.0,20.0,True,True,2.213113,122.29,0.1139,
RM0198,ott625750,Gossypium arboreum,badigannavar2015,1109.0,1682.16,estimate_unspecified,sex_averaged,606.0,37.0,13.0,False,False,0.659271,85.308,1.83,
RM0199,ott854476,Gossypium barbadense,shi2014,5115.6,2694.39,estimate_unspecified,sex_averaged,2292.0,26.0,26.0,True,True,1.898612,196.754,2.2319,
RM0200,ott854480,Gossypium hirsutum,jia2016,4071.98,2347.2,estimate_unspecified,sex_averaged,6434.0,26.0,26.0,True,True,1.734824,156.615,0.6329,
RM0201,ott79347,Gossypium raimondii,wang2013,1493.3,1101.228,c_value,sex_averaged,433.0,,13.0,,False,1.356032,114.869,3.4487,
RM0202,ott79347,Gossypium raimondii,wang2013,2325.0,1101.228,c_value,sex_averaged,48958.0,13.0,13.0,True,True,2.111279,178.846,0.0475,
RM0203,ott733231,Gossypium tomentosum,hou2013,3320.8,2386.32,estimate_unspecified,sex_averaged,1204.0,35.0,26.0,True,True,1.391599,127.723,2.7581,
RM0204,ott780542,Haliotis diversicolor,ren2016,2190.1,1418.1,c_value,sex_averaged,3717.0,16.0,16.0,True,True,1.54439,136.881,0.5892,1.2454
RM0205,ott780532,Haliotis midae,vervalle2013,1038.0,1398.54,c_value,sex_averaged,186.0,18.0,18.0,True,True,0.742203,57.667,5.5806,
RM0207,ott138490,Haplochromis chilotes,henning2014,1225.68,1075.8,estimate_unspecified,sex_averaged,1122.0,22.0,22.0,True,True,1.13932,55.713,1.0924,
RM0208,ott685068,Haplochromis sauvagei,henning2017,1130.63,1075.8,estimate_unspecified,sex_averaged,867.0,22.0,22.0,True,True,1.050967,51.392,1.3041,
RM0209,ott515712,Helianthus annuus,celik2016,2472.0,2376.54,estimate_unspecified,sex_averaged,817.0,17.0,17.0,True,True,1.040168,145.412,3.0257,
RM0210,ott896444,Heliconius melpomene,davey2016,689.262,293.4,c_value,sex_averaged,1017.0,,21.0,,False,2.349223,32.822,0.6777,
RM0211,ott896444,Heliconius melpomene,davey2016,1364.23,293.4,c_value,sex_averaged,431488.0,21.0,21.0,True,True,4.649727,64.963,0.0032,
RM0212,ott1072058,Heterobasidion annosum,lind2012,2476.0,27.9883,c_value,sex_averaged,241.0,17.0,,,False,88.465537,,10.2739,
RM0213,ott332065,Heterodera glycines,atibalentja2005,539.0,81.908,estimate_unspecified,sex_averaged,131.0,10.0,9.0,True,True,6.580554,59.889,4.1145,
RM0214,ott339361,Hevea brasiliensis,shearman2015,4160.0,2102.7,estimate_unspecified,sex_averaged,12326.0,18.0,18.0,True,True,1.978409,231.111,0.3375,
RM0215,ott393745,Hibiscus cannabinus,chen2011,4924.8,1496.34,c_value,sex_averaged,396.0,26.0,18.0,True,True,3.291231,273.6,12.4364,
RM0216,ott23821,Hieracium,shirasawa2014,1650.0,4058.7,c_value,sex_averaged,518.0,16.0,18.0,True,True,0.406534,91.667,3.1853,
RM0217,ott408328,Hippoglossus hippoglossus,palaiokostas2013,1514.0,713.94,other_literature,sex_averaged,4049.0,24.0,24.0,True,True,2.120626,63.083,0.3739,1.0856
RM0218,ott770315,Homo sapiens,kong2010,3179.9563005,3423.0,c_value,sex_averaged,276215.0,,48.0,,False,0.928997,66.249,0.0115,
RM0219,ott657948,Hordeum vulgare,zhou2016a,927.07,5418.1,c_value,sex_averaged,1832.0,7.0,7.0,True,True,0.171106,132.439,0.506,
RM0220,ott84020,Humulus lupulus,henning2015,745.9,2836.2,c_value,sex_averaged,3341.0,11.0,10.0,True,True,0.262993,74.59,0.2233,
RM0221,ott677266,Hyla aborea,brelsford2015,1770.722,4649.69,c_value,sex_averaged,1598.0,12.0,12.0,True,True,0.380826,147.56,1.1081,2.0856
RM0222,ott35786,Hypophthalmichthys molitrix,guo2013,1561.1,978.0,c_value,sex_averaged,703.0,24.0,24.0,True,True,1.596217,65.046,2.2206,
RM0223,ott762099,Hypsizygus marmoreus,sun2016,86.2,41.6261,estimate_unspecified,sex_averaged,14.0,2.0,11.0,False,False,2.070816,7.836,6.1571,
RM0224,ott351029,Hyriopsis cumingii,bai2016,2713.0,3000.0,other_literature,sex_averaged,4920.0,19.0,19.0,True,True,0.904333,142.789,0.5514,1.0972
RM0225,ott701523,Ictalurus punctatus,liu2015a,3240.0,993.648,c_value,sex_averaged,26238.0,29.0,29.0,True,True,3.260712,111.724,0.1235,
RM0226,ott1071040,Ipomoea batatas,zhao2013b,8184.5,1833.75,estimate_unspecified,sex_averaged,2077.0,90.0,90.0,True,True,4.463258,90.939,3.9405,
RM0228,ott621065,Ixodes scapularis,ullmann2003,616.0,1765.38,estimate_unspecified,sex_averaged,127.0,14.0,15.0,True,True,0.348933,41.067,4.8504,
RM0229,ott916001,Jatropha curcas,wu2015,1655.8,420.54,estimate_unspecified,sex_averaged,1208.0,11.0,11.0,True,True,3.937319,150.527,1.3707,
RM0230,ott138717,Juglans regia,zhu2015,2457.82,606.36,estimate_unspecified,sex_averaged,2577.0,16.0,16.0,True,True,4.053401,153.614,0.9538,2.041
RM0231,ott229709,Kryptolebias marmoratus,kanamori2016,1248.0,680.367,assembly_or_direct,sex_averaged,9904.0,24.0,24.0,True,True,1.834304,52.0,0.126,
RM0232,ott160616,Labeo rohita,robinson2014,1373.8,1950.0,other_literature,sex_averaged,3193.0,25.0,25.0,True,True,0.704513,54.952,0.4303,0.9935
RM0233,ott985685,Laccaria bicolor,labbe2008,812.0,64.8774,c_value,sex_averaged,294.0,13.0,,,False,12.515915,,2.7619,
RM0234,ott515700,Lactuca sativa,truco2013,2974.0,2591.7,estimate_unspecified,sex_averaged,3696.0,9.0,9.0,True,True,1.147509,330.444,0.8047,
RM0236,ott679823,Larimichthys crocea,ao2015,5451.3,678.938,estimate_unspecified,sex_averaged,10150.0,24.0,24.0,True,True,8.029157,227.138,0.5371,
RM0237,ott154040,Larix kaempferi,guan2011,546.5,9291.0,c_value,sex_averaged,581.0,15.0,12.0,True,True,0.05882,45.542,0.9406,
RM0239,ott437601,Lates calcarifer,wang2017a,1412.9,684.6,c_value,sex_averaged,3836.0,24.0,24.0,True,True,2.063833,58.871,0.3683,
RM0240,ott743052,Laupala,shaw2007,795.3,1900.0,other_literature,male,131.0,16.0,8.0,False,False,0.418579,99.412,6.071,
RM0241,ott156245,Lens culinaris,sudheesh2016,2429.61,4107.6,estimate_unspecified,sex_averaged,689.0,7.0,7.0,True,True,0.591491,347.087,3.5263,
RM0242,ott162647,Lentinula edodes,gong2014,983.7,46.1067,estimate_unspecified,sex_averaged,572.0,12.0,,,False,21.335294,,1.7198,
RM0243,ott1028028,Lepisosteus oculatus,amores2011,2923.736,1378.98,c_value,sex_averaged,2820.0,,29.0,,False,2.120216,100.818,1.0368,
RM0244,ott836783,Lepomis macrochirus,wang2009b,1576.75,987.78,c_value,sex_averaged,222.0,31.0,24.0,True,True,1.596256,65.698,7.1025,1.0675
RM0245,ott185597,Leptinotarsa decemlineata,hawthorne2001b,1032.0,449.88,c_value,sex_averaged,182.0,18.0,18.0,True,True,2.293945,57.333,5.6703,
RM0246,ott1061491,Leptopilina clavipes,pannebakker2004,219.9,255.344,estimate_unspecified,sex_averaged,32.0,5.0,5.0,False,False,0.861191,43.98,6.8719,
RM0248,ott1000262,Linum usitatissimum,cloutier2012,1151.0,684.6,estimate_unspecified,sex_averaged,770.0,15.0,15.0,True,True,1.681274,76.733,1.4948,
RM0249,ott169168,Litopenaeus vannamei,yu2015,4271.43,2640.0,estimate_unspecified,sex_averaged,6146.0,44.0,44.0,True,True,1.617966,97.078,0.695,
RM0250,ott135777,Lolium multiflorum,guan2014,488.8,2660.16,estimate_unspecified,sex_averaged,192.0,7.0,7.0,True,True,0.183748,69.829,2.5458,
RM0251,ott135774,Lolium perenne,velmurugan2016,952.6,2365.782,c_value,sex_averaged,1865.0,7.0,7.0,True,True,0.402658,136.086,0.5108,
RM0252,ott1081728,Lotus japonicus,wang2008b,508.5,469.44,estimate_unspecified,sex_averaged,1023.0,6.0,6.0,True,True,1.083206,84.75,0.4971,
RM0253,ott84261,Lucania goodei,berdan2014a,392.0,1319.322,c_value,sex_averaged,915.0,23.0,24.0,True,True,0.297122,16.333,0.4284,
RM0254,ott839518,Lucania parva,berdan2014b,605.0,1391.694,c_value,sex_averaged,766.0,23.0,23.0,True,True,0.434722,26.304,0.7898,
RM0255,ott565719,Luffa acutangula,wu2016,1436.12,831.3,estimate_unspecified,sex_averaged,177.0,14.0,13.0,True,True,1.727559,110.471,8.1137,
RM0256,ott1030424,Lupinus albus,vipin2013,2169.0,586.8,estimate_unspecified,sex_averaged,461.0,38.0,25.0,True,True,3.696319,86.76,4.705,
RM0257,ott1030433,Lupinus angustifolius,yang2012,1629.9,1153.0,estimate_unspecified,sex_averaged,8246.0,20.0,20.0,True,True,1.413617,81.495,0.1977,
RM0258,ott689650,Macaca mulatta,rogers2006,2048.0,3290.97,c_value,sex_averaged,241.0,20.0,22.0,True,True,0.622309,93.091,8.4979,
RM0259,ott689650,Macaca mulatta,rogers2006,2473.9,3290.97,c_value,sex_averaged,274.0,,22.0,,False,0.751724,112.45,9.0288,
RM0260,ott539171,Macropus eugenii,wang2011,1402.4,1153.0,estimate_unspecified,sex_averaged,148.0,8.0,7.0,True,True,1.216305,200.343,9.4757,0.8383
RM0261,ott258235,Magnaporthe grisea,zheng2008,1247.0,42.711,c_value,sex_averaged,176.0,7.0,7.0,True,True,29.196226,178.143,7.0852,
RM0262,ott3902985,Malus domestica,dipierro2016,1267.0,1874.77,estimate_unspecified,sex_averaged,15417.0,17.0,17.0,True,True,0.675816,74.529,0.0822,
RM0263,ott854961,Malus pumila,clark2014,1481.72,753.06,estimate_unspecified,sex_averaged,1091.0,17.0,17.0,True,True,1.967599,87.16,1.3581,
RM0264,ott321926,Malus sieversii,liu2016a,1299.67,733.5,estimate_unspecified,sex_averaged,280.0,17.0,17.0,True,True,1.771875,76.451,4.6417,
RM0265,ott807634,Mangifera indica,luo2016a,3148.28,440.1,estimate_unspecified,sex_averaged,6594.0,20.0,20.0,True,True,7.153556,157.414,0.4774,
RM0266,ott339369,Manihot esculenta,alaba2015,2412.0,1222.5,c_value,sex_averaged,22403.0,18.0,18.0,True,True,1.973006,134.0,0.1077,
RM0267,ott5787510,Marsupenaeus japonicus,lu2016,3610.9,2767.74,c_value,sex_averaged,9289.0,41.0,43.0,True,True,1.304638,83.974,0.3887,0.9402
RM0268,ott1086789,Medicago sativa,li2014b,2133.0,1276.29,estimate_unspecified,sex_averaged,2154.0,32.0,32.0,True,True,1.67125,66.656,0.9903,
RM0269,ott1060499,Medicago truncatula,gorton2012,556.7,469.44,estimate_unspecified,sex_averaged,540.0,,8.0,,False,1.185881,69.588,1.0309,
RM0270,ott1060499,Medicago truncatula,gorton2012,1215.0,469.44,estimate_unspecified,sex_averaged,184.0,8.0,8.0,True,True,2.58819,151.875,6.6033,
RM0271,ott809207,Melampsora lini,anderson2016,5860.0,170.172,c_value,sex_averaged,13412.0,27.0,18.0,True,True,34.435747,325.556,0.4369,
RM0272,ott446482,Meleagris gallopavo,aslam2010,2157.9,1431.14,c_value,sex_averaged,471.0,,32.0,,False,1.507819,67.434,4.5815,
RM0273,ott446482,Meleagris gallopavo,aslam2010,2324.0,1431.14,c_value,sex_averaged,531.0,28.0,32.0,True,True,1.62388,72.625,4.3766,
RM0274,ott1043271,Meloidogyne hapla,thomas2012,1294.1,53.013,assembly_or_direct,sex_averaged,182.0,16.0,16.0,True,True,24.410994,80.881,7.1104,
RM0275,ott265548,Melospiza melodia,nietlisbach2015,1731.0,1398.54,c_value,sex_averaged,191.0,35.0,40.0,True,True,1.237719,43.275,9.0628,
RM0276,ott677719,Metriaclima zebra,oquin2013,1933.0,848.776495,assembly_or_direct,male,843.0,22.0,22.0,True,True,2.277396,87.864,2.293,
RM0277,ott927240,Microtus ochrogaster,mcgraw2011,1707.0,2287.34,assembly_or_direct,sex_averaged,406.0,20.0,28.0,True,True,0.746282,60.964,4.2044,
RM0278,ott504496,Mimulus guttatus,holeski2014,1750.0,450.0,estimate_unspecified,sex_averaged,3073.0,14.0,14.0,True,True,3.888889,125.0,0.5695,
RM0279,ott764796,Miscanthus sinensis,liu2015b,1605.5,2591.7,estimate_unspecified,sex_averaged,1821.0,19.0,19.0,True,True,0.619478,84.5,0.8817,0.9919
RM0280,ott312382,Misgurnus anguillicaudatus,morishima2007,723.35,1594.14,c_value,sex_averaged,159.0,27.0,25.0,True,True,0.453756,28.934,4.5494,1.1847
RM0281,ott122362,Monodelphis domestica,samollow2007,715.0,3598.44,estimate_unspecified,sex_averaged,150.0,8.0,9.0,True,True,0.198697,79.444,4.7667,0.5009
RM0282,ott542509,Mus musculus,cox2009,1288.0,3182.52705882353,c_value,sex_averaged,,20.0,20.0,,False,0.40471,64.4,,
RM0283,ott542509,Mus musculus,cox2009,1436.348,3182.52705882353,c_value,sex_averaged,9872.0,,20.0,,False,0.451323,71.817,0.1455,1.0399
RM0284,ott207474,Musa acuminata,hippolyte2010,1197.0,472.231,estimate_unspecified,sex_averaged,489.0,11.0,11.0,True,True,2.534776,108.818,2.4479,
RM0285,ott1011010,Musca domestica,feldmeyer2010,229.3,929.1,c_value,sex_averaged,35.0,5.0,5.0,False,False,0.246798,45.86,6.5514,
RM0288,ott5319573,Mycosphaerella graminicola,kema2002,1216.0,39.7,assembly_or_direct,sex_averaged,223.0,23.0,21.0,True,True,30.629723,57.905,5.4529,
RM0289,ott729592,Nasonia giraulti,diao2016,620.0,283.607,estimate_unspecified,sex_averaged,92.0,5.0,5.0,True,True,2.186124,124.0,6.7391,
RM0290,ott729593,Nasonia vitripennis,beukeboom2010,515.0,332.52,c_value,sex_averaged,36.0,5.0,5.0,False,False,1.548779,103.0,14.3056,
RM0291,ott532278,Nelumbo lutea,zhang2014,494.3,948.66,estimate_unspecified,sex_averaged,4098.0,9.0,8.0,True,True,0.521051,61.788,0.1206,
RM0292,ott532288,Nelumbo nucifera,liu2016b,581.3,234.72,estimate_unspecified,sex_averaged,8971.0,8.0,8.0,True,True,2.476568,72.662,0.0648,
RM0293,ott733968,Nicotiana langsdorffii,zhang2012,1062.0,4254.3,estimate_unspecified,sex_averaged,266.0,12.0,9.0,True,True,0.24963,118.0,3.9925,
RM0294,ott222787,Nicotiana tabacum,gong2016,2662.43,5066.04,estimate_unspecified,sex_averaged,4409.0,24.0,24.0,True,True,0.525545,110.935,0.6039,
RM0295,ott876508,Nilaparvata lugens,jairin2012,1093.3,1140.79,estimate_unspecified,sex_averaged,518.0,17.0,15.0,True,True,0.958371,72.887,2.1106,
RM0297,ott513643,Nothobranchius furzeri,kirschner2012,1965.0,1242.52,estimate_unspecified,sex_averaged,355.0,22.0,19.0,True,True,1.581463,103.421,5.5352,
RM0298,ott23729,Olea europaea,ipek2016,3049.0,1907.1,estimate_unspecified,sex_averaged,5634.0,25.0,23.0,True,True,1.598763,132.565,0.5412,
RM0299,ott739917,Oncorhynchus kisutch,mcclelland2008,358.55,2767.74,c_value,sex_averaged,281.0,33.0,30.0,True,True,0.129546,11.952,1.276,1.4951
RM0300,ott165368,Oncorhynchus mykiss,guyomard2012,3600.0,2592.678,c_value,sex_averaged,2226.0,29.0,29.0,True,True,1.388526,124.138,1.6173,
RM0301,ott165375,Oncorhynchus nerka,larson2015,3186.5,2858.694,c_value,sex_averaged,6322.0,29.0,29.0,True,True,1.11467,109.879,0.504,1.7818
RM0302,ott730762,Oncorhynchus tshawytscha,mckinney2015,3119.7,2709.06,c_value,female,14620.0,34.0,34.0,True,True,1.15158,91.756,0.2134,3.5854
RM0303,ott288069,Oreochromis mossambicus,liu2013a,1067.6,978.0,c_value,sex_averaged,401.0,22.0,22.0,True,True,1.091616,48.527,2.6623,
RM0304,ott288063,Oreochromis niloticus,kocher1998,704.0,1058.196,c_value,sex_averaged,174.0,30.0,22.0,True,True,0.665283,32.0,4.046,
RM0305,ott864596,Oryctolagus cuniculus,sternstein2015,1419.0,3107.24571428572,c_value,sex_averaged,184.0,34.0,22.0,True,True,0.456675,64.5,7.712,
RM0306,ott135756,Oryza rufipogon,luo2016b,1596.8,449.88,estimate_unspecified,sex_averaged,153.0,12.0,12.0,True,True,3.549391,133.067,10.4366,
RM0307,ott709894,Oryza sativa,deleon2016,1650.0,489.0,c_value,sex_averaged,9303.0,12.0,12.0,True,True,3.374233,137.5,0.1774,
RM0308,ott709894,Oryza sativa,deleon2016,1863.5528,489.0,c_value,sex_averaged,30971.0,,12.0,,False,3.810946,155.296,0.0602,
RM0309,ott942673,Oryzias latipes,kimura2005,1426.93,1009.296,c_value,sex_averaged,2142.0,,24.0,,False,1.413787,59.455,0.6662,
RM0310,ott1033104,Ostrea edulis,harrang2015,536.4,1144.26,c_value,sex_averaged,293.0,10.0,10.0,True,True,0.468775,53.64,1.8307,
RM0312,ott70819,Ovis aries,johnston2016,3304.0,2941.824,c_value,sex_averaged,39104.0,26.0,27.0,True,True,1.123113,122.37,0.0845,0.7631
RM0313,ott70819,Ovis aries,johnston2016,3468.8,2941.824,c_value,sex_averaged,554.0,,27.0,,False,1.179132,128.474,6.2614,
RM0314,ott123206,Ovis canadensis,poissant2010,3051.0,2590.55,estimate_unspecified,sex_averaged,247.0,27.0,27.0,True,True,1.177742,113.0,12.3522,1.1183
RM0316,ott205619,Panicum virgatum,liu2012a,2085.2,1792.674,estimate_unspecified,sex_averaged,499.0,18.0,18.0,True,True,1.163179,115.844,4.1788,
RM0317,ott947948,Papilio glaucus,winter2009,1167.0,430.32,c_value,sex_averaged,253.0,28.0,28.0,True,True,2.711935,41.679,4.6126,0.0833
RM0318,ott115449,Papio anubis,rogers2000,2422.1,3452.34,assembly_or_direct,sex_averaged,242.0,,21.0,,False,0.701582,115.338,10.0087,
RM0319,ott115463,Papio hamadryas,cox2006,2354.0,3457.23,c_value,sex_averaged,284.0,20.0,20.0,True,True,0.680892,117.7,8.2887,
RM0320,ott883392,Paralichthys olivaceus,liu2013b,1695.15,694.38,c_value,sex_averaged,1487.0,24.0,24.0,True,True,2.441243,70.631,1.14,0.9637
RM0321,ott515143,Parus major,vanoers2013,1916.82,1476.78,c_value,sex_averaged,4878.0,32.0,32.0,True,True,1.297973,59.901,0.393,
RM0322,ott449027,Patinopecten yessoensis,wang2017b,1918.65,1437.66,c_value,sex_averaged,7489.0,19.0,19.0,True,True,1.334565,100.982,0.2562,
RM0324,ott212713,Penaeus monodon,baranski2014,3488.5,2170.0,other_literature,sex_averaged,3959.0,44.0,44.0,True,True,1.607604,79.284,0.8812,1.3918
RM0325,ott1079449,Pennisetum glaucum,punnuri2016,716.7,2621.04,estimate_unspecified,sex_averaged,16650.0,7.0,7.0,True,True,0.273441,102.386,0.043,
RM0327,ott377525,Peromyscus maniculatus,kenneyhunt2014,1499.0,4264.08,c_value,sex_averaged,340.0,24.0,24.0,True,True,0.351541,62.458,4.4088,
RM0328,ott913249,Persea americana,borrone2009,1087.4,909.54,estimate_unspecified,sex_averaged,152.0,12.0,12.0,True,True,1.195549,90.617,7.1539,
RM0329,ott232467,Petunia axillaris,bossolini2011,970.0,1369.2,estimate_unspecified,sex_averaged,125.0,7.0,7.0,True,True,0.708443,138.571,7.76,
RM0330,ott5346507,Phaeosphaeria nodorum,malkus2009,1932.1,37.1,other_literature,sex_averaged,276.0,21.0,17.0,True,True,52.078167,113.653,7.0004,
RM0331,ott808637,Phalloceros caudimaculatus,gutierrez2011,1477.0,700.0,estimate_unspecified,sex_averaged,189.0,22.0,24.0,True,True,2.11,61.542,7.8148,
RM0332,ott825707,Phaseolus vulgaris,song2015,1042.2,586.8,estimate_unspecified,sex_averaged,7040.0,11.0,11.0,True,True,1.776074,94.745,0.148,
RM0334,ott789008,Phoenix dactylifera,mathew2014,1293.0,929.1,estimate_unspecified,sex_averaged,1200.0,18.0,18.0,True,True,1.391669,71.833,1.0775,
RM0335,ott735973,Phycomyces blakesleeanus,chaudhary2013,1583.4,53.9392,c_value,sex_averaged,134.0,12.0,,,False,29.355274,,11.8164,
RM0336,ott821359,Physcomitrella patens,kamisugi2008,4410.0,477.948,estimate_unspecified,sex_averaged,1420.0,31.0,27.0,True,True,9.226945,163.333,3.1056,
RM0337,ott775738,Phytophthora capsici,lamour2012,1654.0,64.0,estimate_unspecified,sex_averaged,1136.0,18.0,9.0,False,False,25.84375,183.778,1.456,
RM0338,ott775725,Phytophthora infestans,vanderlee2004,1091.0,240.0,estimate_unspecified,sex_averaged,629.0,13.0,9.0,True,True,4.545833,121.222,1.7345,
RM0339,ott517943,Picea abies,lind2014,1889.2,18190.8,c_value,sex_averaged,686.0,12.0,12.0,True,True,0.103855,157.433,2.7539,
RM0340,ott771681,Picea glauca,gosselin2002,2059.4,19755.6,c_value,sex_averaged,165.0,23.0,12.0,False,False,0.104244,171.617,12.4812,
RM0342,ott763333,Pinctada martensii,shi2009,990.74,1154.04,c_value,sex_averaged,3117.0,,28.0,,False,0.858497,35.384,0.3179,
RM0344,ott1044480,Pinus balfouriana,friedline2015,1572.8,29281.32,c_value,sex_averaged,507.0,12.0,12.0,True,True,0.053713,131.067,3.1022,
RM0345,ott245809,Pinus elliottii,yang2013,1036.3,22787.4,c_value,sex_averaged,108.0,16.0,12.0,True,True,0.045477,86.358,9.5954,0.9445
RM0346,ott830806,Pinus koraiensis,chen2010b,857.46,27579.6,c_value,sex_averaged,122.0,11.0,12.0,True,True,0.03109,71.455,7.0284,
RM0347,ott568626,Pinus lambertiana,jermstad2010,1231.0,27602.7,estimate_unspecified,sex_averaged,399.0,19.0,12.0,True,True,0.044597,102.583,3.0852,
RM0348,ott714296,Pinus massoniana,chen2014a,1956.0,25134.6,c_value,sex_averaged,251.0,17.0,12.0,True,True,0.077821,163.0,7.7928,
RM0349,ott837883,Pinus pinaster,chancerel2013,1708.0,23814.3,c_value,sex_averaged,1131.0,12.0,12.0,True,True,0.071722,142.333,1.5102,
RM0350,ott568644,Pinus radiata,moragasuazo2014,1060.0,21936.54,c_value,sex_averaged,458.0,12.0,12.0,True,True,0.048321,88.333,2.3144,
RM0352,ott1075736,Pinus taeda,westbrook2015,2305.0,21516.0,c_value,sex_averaged,3856.0,12.0,12.0,True,True,0.10713,192.083,0.5978,
RM0354,ott359905,Pisum sativum,boutet2016,1255.0,4772.64,estimate_unspecified,sex_averaged,2071.0,7.0,7.0,True,True,0.262957,179.286,0.606,
RM0355,ott724404,Plasmodium chabaudi,martinello2005,1676.0,18.8678,estimate_unspecified,sex_averaged,614.0,22.0,14.0,True,True,88.828586,119.714,2.7296,
RM0356,ott201128,Plasmodium falciparum,jiang2011,2514.0,23.2703,estimate_unspecified,sex_averaged,3438.0,14.0,14.0,True,True,108.034705,179.571,0.7312,
RM0357,ott826551,Plasmodium yoelii,li2011,579.2,23.1254,estimate_unspecified,sex_averaged,,14.0,14.0,,False,25.046053,41.371,,
RM0358,ott216726,Pleurotus eryngii,im2016,1047.8,43.7797,c_value,sex_averaged,256.0,12.0,,,False,23.933467,,4.093,
RM0360,ott312452,Poecilia reticulata,tripathi2009,899.0,865.53,c_value,sex_averaged,790.0,23.0,23.0,True,True,1.03867,39.087,1.138,
RM0361,ott1042743,Pogonomyrmex rugosus,sirvio2010,2823.0,255.0,estimate_unspecified,male,215.0,14.0,16.0,True,True,11.070588,176.438,13.1302,
RM0362,ott5763644,Populus adenopoda,wang2009c,2178.5,508.56,c_value,sex_averaged,212.0,26.0,19.0,True,True,4.283664,114.658,10.2759,
RM0363,ott1030862,Populus alba,paolucci2010,3027.1,508.56,estimate_unspecified,sex_averaged,322.0,19.0,19.0,True,True,5.952297,159.321,9.4009,
RM0364,ott8867,Populus deltoides,mousavi2016,4067.16,500.0,c_value,sex_averaged,2012.0,19.0,19.0,True,True,8.13432,214.061,2.0215,
RM0366,ott8848,Populus nigra,gaudet2008,2278.5,514.0368,c_value,sex_averaged,368.0,20.0,19.0,True,True,4.432562,119.921,6.1916,0.8577
RM0368,ott839584,Populus tremula,pakull2009,1542.35,469.44,c_value,sex_averaged,344.0,32.0,19.0,True,True,3.28551,81.176,4.4836,1.1983
RM0369,ott8861,Populus trichocarpa,drost2009,2801.5,489.0,c_value,sex_averaged,411.0,,19.0,,False,5.729039,147.447,6.8163,
RM0370,ott718120,Portunus trituberculatus,liu2012b,3519.45,2259.18,c_value,sex_averaged,919.0,51.0,53.0,True,True,1.557844,66.405,3.8297,1.0011
RM0371,ott3885394,Primulina eburnea,feng2016,3774.7,1985.34,c_value,sex_averaged,216.0,18.0,18.0,True,True,1.901286,209.706,17.4755,
RM0372,ott197875,Pristionchus pacificus,srinivasan2002,338.6,133.114,estimate_unspecified,sex_averaged,122.0,6.0,6.0,True,True,2.543684,56.433,2.7754,
RM0373,ott217632,Prunus armeniaca,lalli2008,522.69,293.4,c_value,sex_averaged,450.0,8.0,8.0,True,True,1.781493,65.336,1.1615,
RM0374,ott162547,Prunus avium,wang2015a,849.0,342.3,estimate_unspecified,sex_averaged,718.0,8.0,8.0,True,True,2.48028,106.125,1.1825,
RM0375,ott731568,Prunus dulcis,tavassolian2010,591.4,240.0,estimate_unspecified,sex_averaged,157.0,8.0,8.0,True,True,2.464167,73.925,3.7669,
RM0376,ott1020749,Prunus kansuensis,cao2011,616.0,293.4,estimate_unspecified,sex_averaged,138.0,8.0,8.0,True,True,2.099523,77.0,4.4638,
RM0377,ott426562,Prunus mume,zhang2015b,1550.62,234.03,estimate_unspecified,sex_averaged,8007.0,8.0,8.0,True,True,6.625732,193.828,0.1937,
RM0378,ott259054,Prunus persica,nunezlillo2015,484.3,273.84,estimate_unspecified,sex_averaged,195.0,,8.0,,False,1.768551,60.538,2.4836,
RM0379,ott259054,Prunus persica,nunezlillo2015,389.2,273.84,estimate_unspecified,sex_averaged,1837.0,8.0,8.0,True,True,1.421268,48.65,0.2119,
RM0381,ott857565,Pseudocercospora fijiensis,arangoisaza2016,1416.0,74.1412,estimate_unspecified,sex_averaged,376.0,17.0,12.0,True,True,19.098693,118.0,3.766,
RM0382,ott1075713,Pseudotsuga menziesii,ukrainetz2008,938.6,18630.9,c_value,sex_averaged,,19.0,13.0,,False,0.050379,72.2,,
RM0384,ott646814,Punica granatum,sarkhosh2012,1141.0,704.16,estimate_unspecified,sex_averaged,1092.0,11.0,8.0,True,True,1.62037,142.625,1.0449,
RM0385,ott411919,Pyrenophora teres,ellwood2010,2477.7,33.5833,c_value,sex_averaged,243.0,25.0,9.0,False,False,73.777741,275.3,10.1963,
RM0387,ott972654,Pyrus communis,wu2014,2243.4,537.9,estimate_unspecified,sex_averaged,3241.0,17.0,17.0,True,True,4.170664,131.965,0.6922,
RM0390,ott791121,Quercus,bodenes2016,742.0,909.5,estimate_unspecified,sex_averaged,4216.0,12.0,12.0,True,True,0.815833,61.833,0.176,
RM0391,ott14718,Rana temporaria,cano2011,1698.8,4169.21,c_value,sex_averaged,107.0,15.0,13.0,True,True,0.407463,130.677,15.8766,1.5237
RM0392,ott359073,Raphanus sativus,mun2014,1538.0,978.0,estimate_unspecified,sex_averaged,2637.0,9.0,9.0,True,True,1.572597,170.889,0.5832,
RM0393,ott271555,Rattus norvegicus,steen1999,1503.0,3286.08,c_value,sex_averaged,4736.0,21.0,22.0,True,True,0.457384,68.318,0.3174,
RM0394,ott633644,Rhyzopertha dominica,schlipalius2002,390.1,476.0,other_literature,sex_averaged,94.0,9.0,9.0,True,True,0.819538,43.344,4.15,
RM0396,ott339346,Ricinus communis,rukam2016,1551.0,508.56,estimate_unspecified,sex_averaged,141.0,10.0,10.0,True,True,3.049788,155.1,11.0,
RM0398,ott156929,Rubus idaeus,ward2013,462.7,311.982,c_value,sex_averaged,4521.0,7.0,7.0,True,True,1.483098,66.1,0.1023,
RM0399,ott670811,Rubus occidentalis,bushakra2012,309.0,293.4,estimate_unspecified,sex_averaged,131.0,6.0,7.0,True,True,1.05317,44.143,2.3588,
RM0400,ott913666,Ruditapes philippinarum,nie2017,1926.98,1967.0,assembly_or_direct,sex_averaged,9658.0,18.0,19.0,True,True,0.979654,101.42,0.1995,
RM0401,ott246789,Saccharina japonica,zhang2015c,1782.75,543.426,estimate_unspecified,sex_averaged,4994.0,31.0,31.0,True,True,3.280575,57.508,0.357,
RM0402,ott895796,Saccharum spp,liu2015,7406.3,4394.48,c_value,sex_averaged,967.0,,50.0,,False,1.685364,148.126,7.659,
RM0403,ott688328,Salmo salar,tsai2016,5961.0,3048.426,c_value,sex_averaged,96000.0,29.0,29.0,True,True,1.955435,205.552,0.0621,1.4999
RM0404,ott688332,Salmo trutta,leitwein2017,1403.0,2875.32,c_value,sex_averaged,3977.0,40.0,40.0,True,True,0.487946,35.075,0.3528,
RM0405,ott847543,Salvia miltiorrhiza,liu2016c,1516.0,615.0,estimate_unspecified,sex_averaged,5164.0,8.0,8.0,True,True,2.465041,189.5,0.2936,
RM0406,ott191483,Schistosoma mansoni,criscione2009,1134.84,364.538,estimate_unspecified,sex_averaged,210.0,8.0,8.0,True,True,3.113091,141.855,5.404,
RM0407,ott433079,Sciaenops ocellatus,hollenbeck2015,1815.3,381.42,c_value,sex_averaged,486.0,24.0,24.0,True,True,4.75932,75.638,3.7352,
RM0408,ott335717,Scleropages formosus,shen2014,2218.3,777.359,estimate_unspecified,sex_averaged,308.0,28.0,22.0,True,True,2.853636,100.832,7.2023,1.0975
RM0409,ott778695,Scophthalmus maximus,wang2015b,2622.09,841.08,c_value,sex_averaged,939.0,22.0,22.0,True,True,3.117527,119.186,2.7924,
RM0411,ott1084541,Scylla paramamosain,ma2016,2746.4,1603.92,c_value,sex_averaged,212.0,65.0,44.0,True,True,1.712305,62.418,12.9547,
RM0413,ott553015,Secale cereale,milczarski2016,1593.0,8097.84,estimate_unspecified,sex_averaged,3397.0,7.0,7.0,True,True,0.196719,227.571,0.4689,
RM0414,ott186469,Seriola quinqueradiata,aoki2015,1128.595,811.74,c_value,sex_averaged,1039.0,24.0,24.0,True,True,1.390341,47.025,1.0862,0.8382
RM0415,ott504628,Sesamum indicum,zhang2016b,2981.28,948.66,estimate_unspecified,sex_averaged,3041.0,13.0,16.0,True,True,3.142622,186.33,0.9804,
RM0416,ott553005,Setaria italica,fang2016,1318.8,518.34,estimate_unspecified,sex_averaged,1035.0,9.0,9.0,True,True,2.544276,146.533,1.2742,
RM0417,ott553005,Setaria italica,fang2016,1415.923,518.34,estimate_unspecified,sex_averaged,983.0,,9.0,,False,2.731649,157.325,1.4404,
RM0418,ott609504,Silene latifolia,bergero2013,671.1,2640.6,estimate_unspecified,sex_averaged,755.0,12.0,12.0,True,True,0.254147,55.925,0.8889,
RM0419,ott359058,Sinapis alba,javidfar2013,890.4,489.0,estimate_unspecified,sex_averaged,264.0,12.0,12.0,True,True,1.820859,74.2,3.3727,
RM0422,ott885264,Solanum habrochaites,geethanjali2011,118.7,724.285,estimate_unspecified,sex_averaged,16.0,12.0,12.0,False,False,0.163886,9.892,7.4188,
RM0423,ott378964,Solanum lycopersicum,viquezzamora2014,1297.3,823.786,estimate_unspecified,sex_averaged,715.0,12.0,12.0,True,True,1.574802,108.108,1.8144,
RM0424,ott494843,Solanum melongena,fukuoka2012,1285.5,958.44,estimate_unspecified,sex_averaged,952.0,12.0,12.0,True,True,1.341242,107.125,1.3503,
RM0425,ott1069768,Solanum pennellii,vandenoevervandenelsen2016,789.7,926.426,estimate_unspecified,sex_averaged,208.0,11.0,12.0,True,True,0.852416,65.808,3.7966,
RM0426,ott797186,Solanum pimpinellifolium,chen2014b,1567.5,688.247,estimate_unspecified,sex_averaged,365.0,12.0,12.0,True,True,2.277525,130.625,4.2945,
RM0427,ott494835,Solanum tuberosum,endelman2016,883.0,860.64,estimate_unspecified,sex_averaged,2264.0,12.0,12.0,True,True,1.025981,73.583,0.39,
RM0429,ott710233,Solea solea,diopere2014,1233.8,713.94,c_value,sex_averaged,423.0,33.0,17.0,False,False,1.728156,72.576,2.9168,
RM0430,ott552986,Sorghum bicolor,ji2017,1227.0,1188.27,estimate_unspecified,sex_averaged,446.0,,10.0,,False,1.032594,122.7,2.7511,
RM0431,ott552986,Sorghum bicolor,ji2017,2158.0,1188.27,estimate_unspecified,sex_averaged,2246.0,10.0,10.0,True,True,1.816086,215.8,0.9608,
RM0433,ott760723,Sparus aurata,palaiokostas2016,3899.0,929.1,c_value,sex_averaged,12085.0,24.0,24.0,True,True,4.196534,162.458,0.3226,0.9531
RM0434,ott317784,Spinacia oleracea,channavarrete2015,433.6,1007.3,c_value,sex_averaged,283.0,6.0,6.0,True,True,0.430458,72.267,1.5322,
RM0435,ott1040287,Strongyloides ratti,nemetschke2010,90.2,43.1502,estimate_unspecified,sex_averaged,74.0,3.0,3.0,True,True,2.090373,30.067,1.2189,
RM0436,ott647692,Struthio camelus,huang2008,365.4,2112.48,c_value,sex_averaged,35.0,13.0,40.0,False,False,0.172972,9.135,10.44,
RM0438,ott730013,Sus scrofa,tortereau2012,1603.8745458277,2922.264,estimate_unspecified,sex_averaged,2365.0,,20.0,,False,0.548847,80.194,0.6782,
RM0439,ott730013,Sus scrofa,tortereau2012,2012.0,2922.264,estimate_unspecified,sex_averaged,38599.0,20.0,20.0,True,True,0.688507,100.6,0.0521,1.2593
RM0440,ott708327,Taeniopygia guttata,backstrom2010,1479.0,1222.5,c_value,sex_averaged,1398.0,29.0,35.0,True,True,1.209816,42.257,1.0579,1.0199
RM0441,ott65341,Takifugu rubripes,kai2011,1696.3,391.2,c_value,sex_averaged,1000.0,22.0,22.0,True,True,4.336145,77.105,1.6963,1.8206
RM0442,ott843397,Taraxacum koksaghyz,arias2016,894.1,1420.0,other_literature,sex_averaged,518.0,8.0,8.0,True,True,0.629648,111.762,1.7261,
RM0443,ott309291,Taxodium mucronatum,wang2016a,976.5,8850.9,c_value,sex_averaged,179.0,34.0,11.0,False,False,0.110328,88.773,5.4553,
RM0444,ott302422,Theileria parva,katzer2011,1683.8,8.34761,estimate_unspecified,sex_averaged,39.0,4.0,2.0,False,False,201.71043,841.9,43.1744,
RM0445,ott388185,Theobroma cacao,royaert2016,852.8,420.5,c_value,sex_averaged,3526.0,10.0,10.0,True,True,2.028062,85.28,0.2419,
RM0446,ott833202,Thunnus orientalis,uchino2016,1162.6,800.0,estimate_unspecified,sex_averaged,370.0,24.0,24.0,True,True,1.45325,48.442,3.1422,1.3418
RM0447,ott461524,Tigriopus californicus,foley2011,401.0,244.5,c_value,sex_averaged,190.0,12.0,12.0,True,True,1.640082,33.417,2.1105,
RM0449,ott252145,Toxoplasma gondii,khan2005,592.0,65.6681,estimate_unspecified,sex_averaged,,14.0,14.0,,False,9.015032,42.286,,
RM0450,ott148904,Tribolium castaneum,lorenzen2005,571.0,202.935,c_value,sex_averaged,424.0,10.0,10.0,True,True,2.813709,57.1,1.3467,
RM0451,ott389727,Tribolium confusum,yezerski2003,968.0,245.0,other_literature,sex_averaged,137.0,8.0,8.0,True,True,3.95102,121.0,7.0657,
RM0452,ott137951,Trichogramma brassicae,laurent1998,1330.0,246.0,other_literature,sex_averaged,84.0,7.0,5.0,True,True,5.406504,266.0,15.8333,
RM0453,ott839027,Trifolium pratense,hirakawa2016,2084.0,528.12,c_value,sex_averaged,2153.0,8.0,7.0,True,True,3.946073,297.714,0.968,
RM0454,ott116218,Trifolium repens,griffiths2013,1274.0,1095.36,estimate_unspecified,sex_averaged,1109.0,16.0,16.0,True,True,1.163088,79.625,1.1488,
RM0455,ott539553,Trifolium subterraneum,ghamkhar2011,1701.7,547.68,estimate_unspecified,sex_averaged,144.0,8.0,8.0,True,True,3.107106,212.712,11.8174,
RM0457,ott31926,Triticum aestivum,zhai2016,2875.3,16948.74,estimate_unspecified,sex_averaged,10990.0,21.0,21.0,True,True,0.169647,136.919,0.2616,
RM0458,ott605173,Triticum dicoccum,russo2014,2879.3,11765.34,c_value,sex_averaged,9040.0,45.0,14.0,False,False,0.244727,205.664,0.3185,
RM0459,ott494245,Trypanosoma brucei,macleod2005,1157.5,22.1481,estimate_unspecified,sex_averaged,182.0,11.0,11.0,True,True,52.261819,105.227,6.3599,
RM0461,ott616561,Undaria pinnatifida,shan2015,1816.28,560.0,other_literature,sex_averaged,4626.0,30.0,30.0,True,True,3.243357,60.543,0.3926,
RM0463,ott567253,Vaccinium corymbosum,mccallum2016,1621.0,655.26,estimate_unspecified,sex_averaged,785.0,12.0,12.0,True,True,2.473827,135.083,2.065,
RM0464,ott295602,Vaccinium macrocarpon,covarrubiaspazaran2016,1112.0,414.622,estimate_unspecified,sex_averaged,4849.0,12.0,12.0,True,True,2.681961,92.667,0.2293,
RM0465,ott1064791,Vanilla tahitensis,lepersandrzejewski2012,1035.85,5603.94,c_value,sex_averaged,225.0,18.0,13.0,True,True,0.184843,79.681,4.6038,
RM0466,ott581449,Venturia inaequalis,broggini2011,975.0,55.1254,estimate_unspecified,sex_averaged,217.0,13.0,7.0,False,False,17.686946,139.286,4.4931,
RM0467,ott52839,Vespula vulgaris,sirvio2011,2129.0,219.8,estimate_unspecified,sex_averaged,210.0,38.0,25.0,True,True,9.686078,85.16,10.1381,
RM0468,ott539544,Vicia faba,kaur2014,1216.8,17622.582,c_value,sex_averaged,822.0,6.0,6.0,True,True,0.069048,202.8,1.4803,
RM0469,ott1065959,Vigna angularis,liu2016d,1628.15,537.9,estimate_unspecified,sex_averaged,2032.0,11.0,11.0,True,True,3.026864,148.014,0.8013,
RM0470,ott1065954,Vigna mungo,gupta2008,865.1,537.9,estimate_unspecified,sex_averaged,428.0,11.0,11.0,True,True,1.608292,78.645,2.0213,
RM0471,ott806245,Vigna radiata,wang2016,732.9,894.87,c_value,sex_averaged,560.0,11.0,11.0,True,True,0.819002,66.627,1.3087,
RM0472,ott853659,Vigna subterranea,ahmad2016,608.3,880.2,estimate_unspecified,sex_averaged,238.0,21.0,11.0,False,False,0.691093,55.3,2.5559,
RM0473,ott1065941,Vigna unguiculata,kongjaimun2012,852.4,586.8,estimate_unspecified,sex_averaged,226.0,11.0,11.0,True,True,1.452624,77.491,3.7717,
RM0474,ott581960,Vigna vexillata,marubodee2015,973.9,567.24,estimate_unspecified,sex_averaged,559.0,11.0,11.0,True,True,1.71691,88.536,1.7422,
RM0475,ott805071,Vitis amurensis,liu2013c,1123.0,489.0,estimate_unspecified,sex_averaged,228.0,21.0,19.0,True,True,2.296524,59.105,4.9254,
RM0476,ott314458,Vitis cinerea,zhang2009,1155.98,489.0,estimate_unspecified,sex_averaged,235.0,19.0,19.0,True,True,2.363967,60.841,4.9191,
RM0477,ott756728,Vitis vinifera,guo2015b,1929.13,446.946,c_value,sex_averaged,7199.0,19.0,19.0,True,True,4.316248,101.533,0.268,
RM0478,ott940184,Xenopus tropicalis,wells2011,1668.0,1440.4,estimate_unspecified,sex_averaged,2886.0,10.0,10.0,True,True,1.158012,166.8,0.578,
RM0479,ott416852,Xiphophorus maculatus,amores2014,1328.3,885.09,c_value,sex_averaged,16114.0,24.0,24.0,True,True,1.500751,55.346,0.0824,
RM0480,ott605194,Zea mays,zhou2016b,1399.3,2669.9,c_value,sex_averaged,1012.0,,10.0,,False,0.524102,139.93,1.3827,
RM0481,ott605194,Zea mays,zhou2016b,1545.65,2669.9,c_value,sex_averaged,4183.0,10.0,10.0,True,True,0.578917,154.565,0.3695,
RM0483,ott73483,Ziziphus jujuba,zhang2016c,1456.53,437.754,estimate_unspecified,sex_averaged,2540.0,12.0,12.0,True,True,3.32728,121.378,0.5734,
RM0484,ott586007,Zoysia japonica,wang2015c,1337.2,420.54,estimate_unspecified,sex_averaged,2408.0,21.0,20.0,True,True,3.179721,66.86,0.5553,
RM0485,ott205630,Zoysia matrella,huang2016,1824.95,563.439,estimate_unspecified,sex_averaged,2563.0,20.0,20.0,True,True,3.238949,91.248,0.712,
RM0486,ott906425,Zymoseptoria tritici,lendenmann2014,4255.4,39.6863,estimate_unspecified,sex_averaged,9745.0,21.0,21.0,True,True,107.225919,202.638,0.4367,
RM0487,ott568619,Pinus sylvestris,yin2003,1707.0,41574.78,c_value,sex_averaged,433.0,12.0,12.0,True,False,0.041059,142.25,3.9423,0.9866
RM0489,ott429083,Cyprinus carpio,peng2016,10595.94,1741.9158,c_value,sex_averaged,28194.0,50.0,50.0,True,False,6.082923,211.919,0.3758,0.9373
RM0490,ott65341,Takifugu rubripes,liu2022,3147.8,391.2,c_value,sex_averaged,4416.0,22.0,22.0,True,False,8.046524,143.082,0.7128,0.7645
RM0491,ott8867,Populus deltoides,tong2020,7838.48,500.0,c_value,female,4018.0,19.0,19.0,True,False,15.67696,412.552,1.9508,
RM0493,ott853659,Vigna subterranea,gao2022,1040.92,880.2,estimate_unspecified,sex_averaged,234.0,11.0,11.0,True,False,1.182595,94.629,4.4484,
RM0494,ott3942433,Citrus sinensis,oliveira2007,1596.2,490.956,c_value,sex_averaged,55.0,5.0,9.0,True,False,3.251208,177.356,29.0218,
