Ref,year,species,speciesOTT,Group,par.path,Genome.Size.Mb,HCN,MapLength.cM,Sexual.sys,Ref.number,RR.cM.Mb
Butcher,2000,Acacia_mangium,Acacia_mangium_ott444202,Plants,n,635.7,13,966,NA,1,1.51958471
Sirvio,2011,Acromyrmex_echinatior,Acromyrmex_echinatior_ott735589,Animals,n,335,19,2033.8,male.haploid,2,6.071044776
Wang,2009,Acropora_millepora,Acropora_millepora_ott5908120,Animals,n,420,14,1391,hermaphrodite,3,3.311904762
Scaglione,2015,Actinidia_chinensis,Actinidia_chinensis_ott279981,Plants,n,1408.32,29,3445,NA,4,2.446177005
Hawthorne,2001,Acyrthosiphon_pisum,Acyrthosiphon_pisum_ott814484,Animals,n,165,5,394,parthenogenic,5,2.387878788
Juneja,2014,Aedes_aegypti,Aedes_aegypti_ott269666,Animals,n,942.14,3,235,gonochorous,6,0.249432144
Sutherland,2011,Aedes_albopictus,Aedes_albopictus_ott793181,Animals,n,1090.47,3,212.6,gonochorous,7,0.194961805
Olivera,2013,Aegilops_sharonensis,Aegilops_sharonensis_ott327444,Plants,n,6894.9,7,818,NA,8,0.118638414
Luo,2013,Aegilops_tauschii,Aegilops_tauschii_ott881533,Plants,n,4327.21,7,1374.4,NA,9,0.31761805
Edae,2017,Aegilops_umbellulata,Aegilops_umbellulata_ott790374,Plants,n,4938.9,7,948.72,NA,10,0.192091356
Foulogne-Oriol,2010,Agaricus_bisporus,Agaricus_bisporus_ott564405,Fungi,n,30.2337,13,1156,NA,11,38.23547895
Rotter,2009,Agrostis_capillaris,Agrostis_capillaris_ott550221,Plants,n,4000.02,14,1156,NA,12,0.288998555
Honig,2014,Agrostis_stolonifera,Agrostis_stolonifera_ott307879,Plants,n,3423,14,1424,NA,13,0.416009349
Baldwin,2012,Allium_cepa,Allium_cepa_ott781600,Plants,n,16381.5,9,808,NA,14,0.049323932
Maughan,2011,Amaranthus_hybridus,Amaranthus_hybridus_ott317810,Plants,n,616.14,16,1288,NA,15,2.090433992
Smith,2005,Ambystoma_tigrinum,Ambystoma_tigrinum_ott1092552,Animals,n,30875.46,14,5251.3,gonochorous,16,0.170080057
deSousa,2013,Ananas_comosus,Ananas_comosus_ott627039,Plants,n,537.9,25,2113,NA,17,3.92823945
Huang,2009,Anas_platyrhynchos,Anas_platyrhynchos_ott765167,Animals,n,1375.72,40,1766,gonochorous,18,1.283691449
Kai,2014,Anguilla_japonica,Anguilla_japonica_ott854198,Animals,n,1151.14,19,1436.5,gonochorous,19,1.247893393
Wondji,2007,Anopheles_funestus,Anopheles_funestus_ott286257,Animals,n,225.224,3,145,gonochorous,20,0.643803502
Rondeau,2013,Anoplopoma_fimbria,Anoplopoma_fimbria_ott441856,Animals,n,757.95,24,1332.8,NA,21,1.758427337
Venkat,2014,Anthurium_andreanum,Anthurium_longicaudatum_ott3999674,Plants,n,4694.4,15,1023.5,NA,22,0.218025733
Shi,2013,Apis_cerana,Apis_cerana_ott625771,Animals,n,185.82,16,574.5,male.haploid,23,3.091701647
Wilfert,2007,Apis_mellifera,Apis_mellifera_ott461645,Animals,n,229.83,16,4115,male.haploid,24,17.90453814
Tian,2015,Apostichopus_japonicus,Apostichopus_japonicus_ott721060,Animals,n,664.37,22,3706.6,gonochorous,25,5.579120069
Willems,2007,Arabidopsis_halleri,Arabidopsis_halleri_ott152273,Plants,n,234.72,8,567,NA,26,2.415644172
Singer,2015,Arabidopsis_thaliana,Arabidopsis_thaliana_ott309263,Plants,n,123.5,5,422.5,NA,27,3.421052632
Nagy,2010,Arachis_duranensis,Arachis_duranensis_ott607569,Plants,n,1242.06,10,1081.3,NA,28,0.87056986
Zhou,2014,Arachis_hypogaea,Arachis_hypogaea_ott39541,Plants,n,2806.86,20,1446.7,NA,29,0.515415803
Li,2012,Argopecten_irradians,Argopecten_irradians_ott6370122,Animals,n,1173.6,16,849.3,NA,30,0.723670757
Zhu,2014,Aristichthys_nobilis,Argopecten_irradians_ott887220,Animals,n,865.53,24,1917.3,gonochorous,31,2.215174517
DeVos,2013,Artemia_franciscana,Artemia_franciscana_ott59094,Animals,n,948.66,21,1177,gonochorous,32,1.240697405
Phan,2003,Ascochyta_rabiei,Didymella_rabiei_ott5712886,Fungi,y,34.6583,14,1271,NA,33,36.67231226
Christians,2011,Aspergillus_nidulans,Aspergillus_nidulans_ott117339,Fungi,n,30.2427,8,3624.7,NA,34,119.8537168
Sanetra,2009,Astatotilapia_burtoni,Astatotilapia_ott710024,Animals,n,948.66,20,1249.3,NA,35,1.316910168
Carlson,2015,Astyanax_mexicanus,Astyanax_mexicanus_ott701518,Animals,n,1191.24,25,2110.7,gonochorous,36,1.77185118
Chafffin,2016,Avena_sativa,Avena_sativa_ott790381,Plants,n,12938.94,21,2843,NA,37,0.219724336
Sim,2017,Bactrocera_cucurbitae,Bactrocera_cucurbitae_ott227727,Animals,n,373,5,646,gonochorous,38,1.731903485
Kuzina,2011,Barbarea_vulgaris,Barbarea_vulgaris_ott35910,Plants,n,167.352,8,889,NA,39,5.312156413
Brennan,2012,Begonia_plebeja,Begonia_plebeja_ott434483,Plants,n,616.14,14,1099,NA,40,1.783685526
Laurent,2007,Beta_vulgaris,Beta_vulgaris_ott273185,Plants,n,1222.5,9,555,NA,41,0.45398773
Jiang,2011,Betula_pendula,Betula_pendula_ott267719,Plants,n,1369.2,14,2489.7,NA,42,1.818361087
Beldade,2009,Bicyclus_anynana,Mycalesis_anynana_ott3108421,Animals,n,479.22,28,1642.2,gonochorous,43,3.42681858
Schnabel,2003,Bison_bison,Bison_bison_ott907693,Animals,n,4792.2,30,2647,gonochorous,44,0.552355912
VantHof,2013,Biston_betularia,Biston_betularia_ott968114,Animals,n,500,31,1638,gonochorous,45,3.276
Liu,2014,Boehmeria_nivea,Boehmeria_nivea_ott594991,Plants,n,716,14,2265.1,NA,46,3.163547486
Stolle,2011,Bombus_terrestris,Bombus_terrestris_ott161197,Animals,n,518.34,18,2047,male.haploid,47,3.949145349
Zhan,2009,Bombyx_mori,Bombyx_mori_ott440274,Animals,n,513.45,28,3320,gonochorous,48,6.466062908
Ihara,2004,Bos_taurus,Bos_taurus_ott490099,Animals,n,3537.1,31,3159.1,gonochorous,49,0.893132792
Holloway,2001,Bracon_hebetor,Bracon_brevicornis_ott3293364,Animals,y,165,10,536.1,male.haploid,50,3.249090909
Cheng,2009,Brassica_campestris,Brassica_rapa_subsp_oleifera_ott240937,Plants,n,567.24,10,973.3,NA,51,1.715852197
Zou,2014,Brassica_carinata,Brassica_carinata_ott749459,Plants,n,1545.24,17,2048,NA,52,1.325360462
Zou,2016,Brassica_juncea,Brassica_juncea_ott309279,Plants,n,1496.34,18,1579,NA,53,1.055241456
Zhang,2016,Brassica_napus,Brassica_napus_ott309234,Plants,n,1124.7,19,1917.9,NA,54,1.705254735
Zhao,2016,Brassica_oleracea,Brassica_oleracea_ott833642,Plants,n,762.8,9,890.01,NA,55,1.166767174
Yu,2016,Brassica_rapa,Brassica_rapa_ott833632,Plants,n,782.4,10,858.98,NA,56,1.097878323
Bohra,2012,Cajanus_cajan,Cajanus_cajan_ott612448,Plants,n,860.64,11,1059,NA,57,1.230479643
Gehringer,2006,Camelina_sativa,Camelina_sativa_ott776348,Plants,n,641.356,20,1385.6,NA,58,2.160422605
Taniguchi,2012,Camellia_sinensis,Camellia_sinensis_ott1058509,Plants,n,3814.2,15,1218,NA,59,0.319333019
Wong,2010,Canis_lupus,Canis_lupus_ott247341,Animals,n,2748.18,39,2085.1,gonochorous,60,0.758720317
Schibler,1998,Capra_hircus,Capra_hircus_ott19017,Animals,n,3168.72,30,2737,gonochorous,61,0.863755712
Linde,2001,Capsella_bursa-pastoris,Capsella_bursa_pastoris_ott833644,Plants,n,391.2,16,1064.4,NA,62,2.720858896
Han,2016,Capsicum_annuum,Capsicum_annuum_ott473836,Plants,n,3090.48,12,1372,NA,63,0.443943983
Lee,2016,Capsicum_baccatum,Capsicum_baccatum_ott232458,Plants,n,3628.38,12,1056,NA,64,0.291038976
Kuang,2016,Carassius_auratus,Carassius_auratus_ott1005907,Animals,n,1643.04,50,5252,NA,65,3.196513779
Chen,2007,Carica_papaya,Carica_papaya_ott429474,Plants,n,372,18,1069.9,NA,66,2.876075269
Bowers,2016,Carthamus_tinctorius,Carthamus_tinctorius_ott1061541,Plants,n,1369.2,12,959.44,NA,67,0.700730353
Kubisiak,2013,Castanea_mollissima,Castanea_mollissima_ott540978,Plants,n,833.241,12,743,NA,68,0.8916988
Sharma,2011,Catharanthus_roseus,Catharanthus_roseus_ott524094,Plants,n,2376.5,6,1790.4,NA,69,0.753376815
Nakazato,2006,Ceratopteris_richardii,Ceratopteris_cornuta_ott609865,Plants,n,11294,39,2178.8,NA,70,0.192916593
Maughan,2012,Chenopodium_quinoa,Chenopodium_quinoa_ott117198,Plants,n,1447.44,18,1404,NA,71,0.969988393
Chen,2010,Chimonanthus_praecox,Chimonanthus_praecox_ott324777,Plants,n,600,11,1801,NA,72,3.001666667
Kathir,2003,Chlamydomonas_reinhardtii,Chlamydomonas_reinhardtii_ott33153,Plants,n,120.405,17,1000,NA,73,8.305302936
Zhan,2009,Chlamys_farreri,Notochlamys_hexactes_ott100122,Animals,n,1244.016,19,1561.8,NA,74,1.255450091
Gaur,2015,Cicer_arietinum,Cicer_arietinum_ott612429,Plants,n,929.1,8,1083.93,NA,75,1.16664514
Kano,2007,Ciona_intestinalis,Ciona_intestinalis_ott744224,Animals,n,150,14,4218.9,hermaphrodite,76,28.126
Hill,2008,Ciona_savignyi,Ciona_savignyi_ott677382,Animals,n,170,14,650,hermaphrodite,77,3.823529412
Reddy,2014,Citrullus_lanatus,Citrullus_lanatus_ott1006251,Plants,n,440.1,11,1096,NA,78,2.490343104
Ollitrault,2012,Citrus_clementina,Citrus_aurantium_ott3942423,Plants,n,301.365,9,1084.1,NA,79,3.597298956
Guo,2015,Citrus_sinensis,Citrus_sinensis_ott3942433,Plants,n,490.956,9,976.58,NA,80,1.989139556
Kaiser,2012,Clunio_marinus,Clunio_marinus_ott192116,Animals,n,95,3,179.65,gonochorous,81,1.891052632
Riedel,2009,Cocos_nucifera,Cocos_nucifera_ott366250,Plants,n,3107.106,16,2739,NA,82,0.881527698
Moncada,2016,Coffea_arabica,Coffea_arabica_ott1001050,Plants,n,1173.6,22,3800,NA,83,3.237900477
Muraguchi,2003,Coprinus_cinereus,Coprinopsis_cinerea_ott737441,Fungi,n,37.5,13,1346,NA,84,35.89333333
Biswass,2015,Corchorus_capsularis,Corchorus_capsularis_ott679189,Plants,n,586.8,7,2016,NA,85,3.435582822
Kundu,2015,Corchorus_olitorius,Corchorus_olitorius_ott578269,Plants,n,909.54,7,358.5,NA,86,0.394155287
Gagnaire,2013,Coregonus_clupeaformis,Coregonus_clupeaformis_ott629345,Animals,n,2386.32,40,3061,NA,87,1.282728218
Wang,2009,Cornus_florida,Cornus_florida_ott148264,Plants,n,1545.24,7,1175,NA,88,0.760399679
Kikuchi,2005,Coturnix_japonica,Coturnix_japonica_ott803622,Animals,n,1320.3,32,2816,gonochorous,89,2.132848595
Hedgecock,2015,Crassostrea_gigas,Crassostrea_gigas_ott987409,Animals,n,557.736,10,588,seq.hermaphrodite,90,1.054262232
Yu,2003,Crassostrea_virginica,Crassostrea_virginica_ott365708,Animals,n,675,10,905,NA,91,1.340740741
Miles,2009,Crocodylus_porosus,Crocodylus_porosus_ott35872,Animals,n,2049.54,17,1071.55,gonochorous,92,0.522824634
Marra,2004,Cryptococcus_neoformans,Cryptococcus_neoformans_ott48333,Fungi,y,19.0519,14,1500,NA,93,78.73230491
Moriguchi,2016,Cryptomeria_japonica,Cryptomeria_japonica_ott620749,Plants,n,10758,11,1266.2,NA,94,0.117698457
Xia,2010,Ctenopharyngodon_idella,Ctenopharyngodon_idella_ott1005936,Animals,n,1004.545714,24,1176.1,gonochorous,95,1.170777978
Diaz,2011,Cucumis_melo,Cucumis_melo_ott1006256,Plants,n,929.1,12,1150,NA,96,1.237756969
Zhu,2016,Cucumis_sativus,Cucumis_sativus_ott1006246,Plants,n,195.669,7,1061.19,NA,97,5.423393588
Zhang,2015,Cucurbita_maxima,Cucurbita_maxima_ott379272,Plants,n,449.88,20,2533.8,NA,98,5.632168578
Gong,2008,Cucurbita_moschata,Cucurbita_moschata_ott84409,Plants,n,420.54,20,1936,NA,99,4.603604889
Montero-Pau,2017,Cucurbita_pepo,Cucurbita_pepo_ott379282,Plants,n,537.9,20,2817.6,NA,100,5.238148355
Hickner,2013,Culex_pipiens,Culex_pipiens_ott218684,Animals,n,684.6,3,189.9,gonochorous,101,0.277388256
Hansson,2010,Cyanistes_caeruleus,Cyanistes_caeruleus_ott746120,Animals,n,1437.66,39,935,gonochorous,102,0.650362394
Portis,2009,Cynara_cardunculus,Cynara_cardunculus_ott991885,Plants,n,1075.8,17,1251.15,NA,103,1.16299498
Harris-Shultz,2010,Cynodon_dactylon,Cynodon_dactylon_ott927435,Plants,n,1110.03,18,1055,NA,104,0.950424763
Song,2012,Cynoglossus_semilaevis,Cynoglossus_semilaevis_ott906506,Animals,n,606.36,21,1624,gonochorous,105,2.678276931
Zhao,2013,Cyprinus_carpio,Cyprinus_carpio_ott429083,Animals,n,1741.9158,50,3565.9,gonochorous,106,2.047113873
Zhao,2016,Dactylis_glomerata,Dactylis_glomerata_ott83469,Plants,n,4303.2,7,715.77,NA,107,0.166334356
Bradley,2011,Danio_rerio,Danio_rerio_ott1005914,Animals,n,1817.124,25,2177.363,gonochorous,108,1.19824679
Dukic,2016,Daphnia_magna,Daphnia_magna_ott668392,Animals,n,129.543,10,1614.5,parthenogenic,109,12.46304316
Cristescu,2006,Daphnia_pulex,Daphnia_pulex_ott59086,Animals,n,197.206,12,1206,parthenogenic,110,6.115432593
Cavagnaro,2014,Daucus_carota,Daucus_carota_ott372836,Plants,n,421.539,9,635.1,NA,111,1.506622163
Yagi,2013,Dianthus_caryophyllus,Dianthus_caryophyllus_ott842200,Plants,n,616.14,15,978.3,NA,112,1.58778849
Chistiakov,2008,Dicentrarchus_labrax,Dicentrarchus_labrax_ott3549,Animals,n,762.84,24,1373.1,NA,113,1.799984269
Stocker,2012,Drosophila_serrata,Drosophila_serrata_ott86632,Animals,n,205.38,4,245.3,gonochorous,114,1.194371409
Heesch,2010,Ectocarpus_siliculosus,Ectocarpus_siliculosus_ott878345,SAR,n,195.811,34,2459.3,NA,115,12.55955998
Blake,2011,Eimeria_maxima,Eimeria_maxima_ott775254,SAR,y,45.9751,14,2883.9,NA,116,62.72743289
Shirley,2000,Eimeria_tenella,Eimeria_tenella_ott775246,SAR,y,51.8944,12,653,NA,117,12.58324598
Ting,2016,Elaeis_guineensis,Elaeis_guineensis_ott947656,Plants,n,1535.18,16,1499.5,NA,118,0.976758426
Montoya,2013,Elaeis_oleifera,Elaeis_oleifera_ott210313,Plants,n,1402.73,16,1485,NA,119,1.058649918
Mott,2011,Elymus_lanceolatus,Elymus_lanceolatus_ott173152,Plants,n,8244.54,14,2574,NA,120,0.312206624
Dor,2014,Epinephelus_aeneus,Epinephelus_aeneus_ott306171,Animals,n,1075.8,24,969.5,hermaphrodite,121,0.901189812
Swinburne,2006,Equus_caballus,Equus_caballus_ott1068218,Animals,n,3149.16,32,2772,gonochorous,122,0.880234729
Zheng,2013,Eremochloa_ophiuroides,Eremochloa_ophiuroides_ott843929,Plants,n,811.74,9,623.6,NA,123,0.768226279
Fukuda,2016,Eriobotrya_japonica,Eriobotrya_japonica_ott207983,Plants,n,762.84,17,1036,NA,124,1.358082953
Cui,2015,Eriocheir_sinensis,Eriocheir_sinensis_ott566723,Animals,n,1680,73,5125.53,gonochorous,125,3.050910714
RONDEAU,2014,Esox_lucius,Esox_lucius_ott739941,Animals,n,1095.36,25,1289.3,gonochorous,126,1.177055945
Agrama,2002,Eucalyptus_camaldulensis,Eucalyptus_camaldulensis_ott505234,Plants,n,606.36,11,1236,NA,127,2.038393034
Hudson,2012,Eucalyptus_grandis,Eucalyptus_grandis_ott40959,Plants,n,591.5922,11,1107,NA,128,1.871221426
Li,2015,Eucalyptus_tereticornis,Eucalyptus_tereticornis_ott173799,Plants,n,586.8,11,1241.4,NA,129,2.115541922
Li,2015,Eucalyptus_urophylla,Eucalyptus_urophylla_ott1049231,Plants,n,595.602,11,1208.5,NA,130,2.029039526
Li,2014,Eucommia_ulmoides,Eucommia_ulmoides_ott743836,Plants,n,723.72,17,2133,NA,131,2.947272426
Yabe,2014,Fagopyrum_esculentum,Fagopyrum_esculentum_ott904381,Plants,n,1359.4,8,1574.3,NA,132,1.158084449
Li,2016,Felis_silvestris,Felis_silvestris_ott563163,Animals,n,2894.88,19,4464,gonochorous,133,1.54203283
Wang,2012,Fenneropenaeus_chinensis,Festuca_arundinacea_ott105576,Animals,n,1660,44,1895.795,gonochorous,134,1.142045181
Dierking,2015,Festuca_arundinacea,Festuca_rubra_ott202297,Plants,n,4185.84,21,1417.5,NA,135,0.338641706
Backstrom,2008,Ficedula_albicollis,Ficedula_albicollis_ott107840,Animals,n,1118.34,30,1787,gonochorous,136,1.597904036
Mahoney,2016,Fragaria_iinumae,Fragaria_iinumae_ott555467,Plants,n,199.628,7,451.7,NA,137,2.262708638
Davik,2015,Fragaria_vesca,Fragaria_vesca_ott852873,Plants,n,214.373,7,416.2,NA,138,1.941475839
Sargent,2016,Fragaria_xananassa,Fusarium_circinatum_FSP_34_ott75556,Plants,n,697.762,28,1820,NA,139,2.608339233
DeVos,2007,Fusarium_circinatum,Fusarium_graminearum_CS3005_ott5726284,Fungi,y,43.9486,11,2774.4,parthenogenic,140,63.12829078
Lee,2008,Fusarium_graminearum,Fusarium_verticillioides_7600_ott966934,Fungi,y,36.458,4,1140,parthenogenic,141,31.26885732
Teunissen,2003,Fusarium_oxysporum,Fusarium_oxysporum_f.sp._conglutinans_ott5481360,Fungi,n,61.3869,15,86,parthenogenic,142,1.400950366
Jurgenson,2002,Fusarium_verticillioides,Fusarium_verticillioides_ott966934,Fungi,y,41.8449,11,2188,parthenogenic,143,52.28833143
Hubert,2010,Gadus_morhua,Gadus_morhua_ott114170,Animals,n,909.54,23,1421.92,gonochorous,144,1.56333971
Pengelly,2016,Gallus_gallus,Gallus_gallus_ott153563,Animals,n,1230.26,35,2762.2,gonochorous,145,2.245216458
Rastas,2016,Gasterosteus_aculeatus,Gasterosteus_aculeatus_ott401066,Animals,n,625.92,22,1980.74,gonochorous,146,3.164525818
Nakatsuka,2012,Gentiana_scabra,Gentiana_scabra_ott717875,Plants,n,5000,13,613.7,NA,147,0.12274
vanderVoort,1999,Globodera_rostochiensis,Globodera_rostochiensis_ott232963,Animals,y,95.8763,9,431,gonochorous,148,4.495375812
Song,2016,Glycine_max,Glycine_max_ott681762,Plants,n,1105.14,20,2445.8,NA,149,2.213113271
Shi,2016,Gossypium_barbadense,Gossypium_barbadense_ott854476,Plants,n,2694.39,26,5115.6,NA,150,1.89861156
Jia,2016,Gossypium_hirsutum,Gossypium_hirsutum_ott854480,Plants,n,2347.2,26,4071.98,NA,151,1.734824472
Wang,2013,Gossypium_raimondii,Gossypium_raimondii_ott79347,Plants,n,1101.228,13,2325,NA,152,2.111279408
Hou,2013,Gossypium_tomentosum,Gossypium_tomentosum_ott733231,Plants,n,2386.32,26,3320.8,NA,153,1.39159878
Ren,2016,Haliotis_diversicolor,Haliotis_diversicolor_ott780542,Animals,n,1418.1,16,2190.1,NA,154,1.544390381
Vervalle,2013,Haliotis_midae,Haliotis_midae_ott780532,Animals,n,1398.54,18,1038,NA,155,0.742202583
Henning,2017,Haplochromis_chilotes,Haplochromis_chilotes_ott138490,Animals,n,1075.8,22,1225.68,NA,156,1.139319576
Henning,2014,Haplochromis_sauvagei,Haplochromis_sauvagei_ott685068,Animals,n,1075.8,22,1130.63,NA,157,1.050966722
Celik,2016,Helianthus_annuus,Helianthus_annuus_ott515712,Plants,n,2376.54,17,2472,NA,158,1.040167639
Davey,2016,Heliconius_melpomene,Heliconius_melpomene_ott896444,Animals,n,293.4,21,1364.23,gonochorous,159,4.649727335
Atibalentja,2005,Heterodera_glycines,Heterodera_glycines_ott332065,Animals,y,81.908,9,539,gonochorous,160,6.580553792
Shearman,2015,Hevea_brasiliensis,Hevea_brasiliensis_ott339361,Plants,n,2102.7,18,4160,NA,161,1.978408713
Chen,2011,Hibiscus_cannabinus,Hibiscus_cannabinus_ott393745,Plants,n,1496.34,18,4924.8,NA,162,3.291230603
Shirasawa,2015,Hieracium_,Hieracium_mixtum_ott711719,Plants,n,4058.7,18,1650,NA,163,0.406534112
Palaiokostas,2013,Hippoglossus_hippoglossus,Hippoglossus_hippoglossus_ott408328,Animals,n,713.94,24,1514,gonochorous,164,2.120626383
Zhou,2016,Hordeum_vulgare,Hordeum_vulgare_ott657948,Plants,n,5418.1,7,927.07,NA,165,0.171106107
Henning,2015,Humulus_lupulus,Humulus_lupulus_ott84020,Plants,n,2836.2,10,745.9,NA,166,0.262992737
Brelsford,2016,Hyla_aborea,Hyla_arborea_ott677266,Animals,n,4649.69,12,1770.722,gonochorous,167,0.380825818
Guo,2013,Hypophthalmichthys_molitrix,Hypophthalmichthys_molitrix_ott35786,Animals,n,978,24,1561.1,gonochorous,168,1.596216769
Bai,2016,Hyriopsis_cumingii,Hyriopsis_cumingii_ott351029,Animals,n,3000,19,2713,NA,169,0.904333333
Liu,2016,Ictalurus_punctatus,Ictalurus_punctatus_ott701523,Animals,n,993.648,29,3240,gonochorous,170,3.260712043
Zhao,2013,Ipomoea_batatas,Ipomoea_batatas_ott1071040,Plants,n,1833.75,90,8184.5,NA,171,4.46325835
Ullmann,2003,Ixodes_scapularis,Ixodes_scapularis_ott621065,Animals,n,1765.38,15,616,gonochorous,172,0.348933374
Wu,2015,Jatropha_curcas,Jatropha_curcas_ott916001,Plants,n,420.54,11,1655.8,NA,173,3.937318685
Zhu,2015,Juglans_regia,Juglans_regia_ott138717,Plants,n,606.36,16,2457.82,NA,174,4.05340062
Kanomori,2016,Kryptolebias_marmoratus,Kryptolebias_marmoratus_ott229709,Animals,n,680.367,24,1248,NA,175,1.834304133
Robinson,2014,Labeo_rohita,Labeo_rohita_ott160616,Animals,n,1950,25,1373.8,NA,176,0.704512821
Truco,2013,Lactuca_sativa,Lactuca_sativa_ott515700,Plants,n,2591.7,9,2974,NA,177,1.147509357
Ao,2015,Larimichthys_crocea,Larimichthys_crocea_ott679823,Animals,n,678.938,24,5451.3,NA,178,8.029157302
Guan,2011,Larix_kaempferi,Larix_kaempferi_ott154040,Plants,n,9291,12,546.5,NA,179,0.058820364
Wang,2017,Lates_calcarifer,Lates_calcarifer_ott6362446,Animals,n,684.6,24,1412.9,hermaphrodite,180,2.063832895
Sudheesh,2016,Lens_culinaris,Lens_culinaris_ott156245,Plants,n,4107.6,7,2429.61,NA,181,0.591491382
Wang,2010,Lepomis_macrochirus,Lepomis_macrochirus_ott836783,Animals,n,987.78,24,1576.75,NA,182,1.596256251
Hawthorne,2001,Leptinotarsa_decemlineata,Leptinotarsa_decemlineata_ott185597,Animals,n,449.88,18,1032,gonochorous,183,2.293945052
Cloutier,2012,Linum_usitatissimum,Linum_usitatissimum_ott1000262,Plants,n,684.6,15,1151,NA,184,1.681273736
Yu,2015,Litopenaeus_vannamei,Penaeus_vannamei_ott169168,Animals,n,2640,44,4271.43,gonochorous,185,1.617965909
Guan,2014,Lolium_multiflorum,Lolium_multiflorum_ott135777,Plants,n,2660.16,7,488.8,NA,186,0.183748346
Velmurugan,2016,Lolium_perenne,Lolium_perenne_ott135774,Plants,n,2365.782,7,952.6,NA,187,0.402657557
Wang,2008,Lotus_japonicus,Lotus_japonicus_ott1081728,Plants,n,469.44,6,508.5,NA,188,1.083205521
Berdan,2014,Lucania_goodei,Lucania_goodei_ott84261,Animals,n,1319.322,24,392,gonochorous,189,0.29712231
Berdan,2014,Lucania_parva,Lucania_parva_ott839518,Animals,n,1391.694,23,605,gonochorous,190,0.434722001
Wu,2016,Luffa_acutangula,Luffa_acutangula_ott565719,Plants,n,831.3,13,1436.12,NA,191,1.727559245
Vipin,2013,Lupinus_albus,Lupinus_albus_ott1030424,Plants,n,586.8,25,2169,NA,192,3.696319018
Yang,2013,Lupinus_angustifolius,Lupinus_angustifolius_ott1030433,Plants,n,1153,20,1629.9,NA,193,1.413616652
Rogers,2006,Macaca_mulatta,Macaca_mulatta_ott689650,Animals,n,3290.97,22,2048,gonochorous,194,0.622308924
Wang,2011,Macropus_eugenii,Macropus_eugenii_ott539171,Animals,n,1153,7,1402.4,gonochorous,195,1.216305291
Zheng,2008,Magnaporthe_grisea,Magnaporthe_grisea_ott258235,Fungi,y,42.711,7,1247,NA,196,29.1962258
DiPierro,2016,Malus_domestica,Malus_domestica_ott3902985,Plants,n,1874.77,17,1267,NA,197,0.675816233
Liu,2016,Malus_sieversii,Malus_sieversii_ott321926,Plants,n,733.5,17,1299.67,NA,198,1.771874574
Clark,2014,Malus_pumila,Malus_pumila_ott854961,Plants,n,753.06,17,1481.72,NA,199,1.967598863
Luo,2016,Mangifera_indica,Mangifera_foetida_ott422407,Plants,n,440.1,20,3148.28,NA,200,7.15355601
Alaba,2015,Manihot_esculenta,Manihot_esculenta_ott339369,Plants,n,1222.5,18,2412,NA,201,1.973006135
Lu,2016,Marsupenaeus_japonicus,Penaeus_japonicus_ott5787510,Animals,n,2767.74,43,3610.9,gonochorous,202,1.304638441
Li,2014,Medicago_sativa,Medicago_sativa_ott1086789,Plants,n,1276.29,32,2133,NA,203,1.671250264
Gorton,2012,Medicago_truncatula,Medicago_truncatula_ott1060499,Plants,n,469.44,8,1215,NA,204,2.588190184
Anderson,2016,Melampsora_lini,Melampsora_lini_ott809207,Fungi,y,170.172,18,5860,NA,205,34.43574736
Aslam,2010,Meleagris_gallopavo,Meleagris_gallopavo_ott446482,Animals,n,1431.14,32,2324,gonochorous,206,1.623880263
Thomas,2012,Meloidogyne_hapla,Meloidogyne_hapla_ott1043271,Animals,y,53.013,16,1294.1,parthenogenic,207,24.41099353
Nietlisbach,2015,Melospiza_melodia,Melospiza_melodia_ott265548,Animals,n,1398.54,40,1731,gonochorous,208,1.237719336
O'Quin,2013,Metriaclima_zebra,Maylandia_zebra_ott677719,Animals,n,848.776495,22,1933,NA,209,2.277395771
McGraw,2011,Microtus_ochrogaster,Microtus_ochrogaster_ott927240,Animals,n,2287.34,28,1707,gonochorous,210,0.746281707
Holeski,2014,Mimulus_guttatus,Erythranthe_guttata_ott504496,Plants,n,450,14,1750,NA,211,3.888888889
Liu,2016,Miscanthus_sinensis,Miscanthus_sinensis_ott764796,Plants,n,2591.7,19,1605.5,NA,212,0.619477563
Morishima,2008,Misgurnus_anguillicaudatus,Misgurnus_anguillicaudatus_ott312382,Animals,n,1594.14,25,723.35,gonochorous,213,0.45375563
Samollow,2007,Monodelphis_domestica,Monodelphis_domestica_ott122362,Animals,n,3598.44,9,715,gonochorous,214,0.198697213
Hipplyte,2010,Musa_acuminata,Musa_acuminata_ott207474,Plants,n,472.231,11,1197,NA,215,2.534776412
Kema,2002,Mycosphaerella_graminicola,Mycosphaerella_graminicola_ott5319573,Fungi,y,39.7,21,1216,NA,216,30.62972292
Diao,2016,Nasonia_giraulti,Nasonia_giraulti_ott729592,Animals,n,283.607,5,620,male.haploid,217,2.186123756
Zhang,2014,Nelumbo_lutea,Nelumbo_lutea_ott532278,Plants,n,948.66,8,494.3,NA,218,0.521050745
Liu,2016,Nelumbo_nucifera,Nelumbo_nucifera_ott532288,Plants,n,234.72,8,581.3,NA,219,2.476567825
Zhang,2012,Nicotiana_langsdorffii,Nicotiana_langsdorffii_ott733968,Plants,n,4254.3,9,1062,NA,220,0.249629786
Gong,2016,Nicotiana_tabacum,Nicotiana_tabacum_ott222787,Plants,n,5066.04,24,2662.43,NA,221,0.525544607
Jairin,2013,Nilaparvata_lugens,Nilaparvata_lugens_ott876508,Animals,n,1140.79,15,1093.3,gonochorous,222,0.958370953
Kirschner,2012,Nothobranchius_furzeri,Nothobranchius_furzeri_ott513643,Animals,n,1242.52,19,1965,NA,223,1.581463477
Ipek,2016,Olea_europaea,Olea_europaea_ott23729,Plants,n,1907.1,23,3049,NA,224,1.598762519
McClelland,2008,Oncorhynchus_kisutch,Oncorhynchus_kisutch_ott739917,Animals,n,2767.74,30,358.55,gonochorous,225,0.129546128
Guyomard,2012,Oncorhynchus_mykiss,Oncorhynchus_mykiss_ott5256670,Animals,n,2592.678,29,3600,gonochorous,226,1.388525687
Larson,2016,Oncorhynchus_nerka,Oncorhynchus_nerka_ott165375,Animals,n,2858.694,29,3186.5,NA,227,1.114669846
McKinney,2016,Oncorhynchus_tshawytscha,Oncorhynchus_tshawytscha_ott730762,Animals,n,2709.06,34,3119.7,gonochorous,228,1.151580253
Liu,2013,Oreochromis_mossambicus,Oreochromis_mossambicus_ott288069,Animals,n,978,22,1067.6,NA,229,1.091615542
Kocher,1998,Oreochromis_niloticus,Oreochromis_niloticus_ott288063,Animals,n,1058.196,22,704,gonochorous,230,0.66528318
Sternstein,2015,Oryctolagus_cuniculus,Oryctolagus_cuniculus_ott864596,Animals,n,3107.245714,22,1419,gonochorous,231,0.456674538
Luo,2016,Oryza_rufipogon,Oryza_rufipogon_ott135756,Plants,n,449.88,12,1596.8,NA,232,3.549390949
DeLeon,2016,Oryza_sativa,Oryza_sativa_ott709894,Plants,n,489,12,1650,NA,233,3.374233129
Harrang,2015,Ostrea_edulis,Ostrea_edulis_ott1033104,Animals,n,1144.26,10,536.4,NA,234,0.468774579
Johnston,2017,Ovis_aries,Ovis_aries_ott70819,Animals,n,2941.824,27,3304,gonochorous,235,1.123112736
Poissant,2010,Ovis_canadensis,Ovis_canadensis_ott123206,Animals,n,2590.55,27,3051,gonochorous,236,1.177742178
Liu,2012,Panicum_virgatum,Panicum_virgatum_ott205619,Plants,n,1792.674,18,2085.2,NA,237,1.163178581
Winter,2010,Papilio_glaucus,Papilio_glaucus_ott947948,Animals,n,430.32,28,1167,gonochorous,238,2.711935304
Rogers,2006,Papio_hamadryas,Papio_hamadryas_ott115463,Animals,n,3457.23,20,2354,gonochorous,239,0.680891928
Song,2012,Paralichthys_olivaceus,Paralichthys_olivaceus_ott883392,Animals,n,694.38,24,1695.15,gonochorous,240,2.441242547
vanOers,2014,Parus_major,Parus_major_ott515143,Animals,n,1476.78,32,1916.82,gonochorous,241,1.297972616
Wang,2017,Patinopecten_yessoensis,Mizuhopecten_yessoensis_ott6370603,Animals,n,1437.66,19,1918.65,NA,242,1.334564501
Baranski,2014,Penaeus_monodon,Penaeus_monodon_ott212713,Animals,n,2170,44,3488.5,gonochorous,243,1.607603687
Punnuri,2016,Pennisetum_glaucum,Pennisetum_schweinfurthii_ott1027230,Plants,n,2621.04,7,716.7,NA,244,0.273441077
Kenney-Hunt,2014,Peromyscus_maniculatus,Peromyscus_maniculatus_ott377525,Animals,n,4264.08,24,1499,gonochorous,245,0.351541247
Borrone,2009,Persea_americana,Persea_americana_ott913249,Plants,n,909.54,12,1087.4,NA,246,1.195549399
Bossolini,2011,Petunia_axillaris,Petunia_axillaris_ott232467,Plants,n,1369.2,7,970,NA,247,0.708442886
Malkus,2009,Phaeosphaeria_nodorum,Phaeosphaeria_nodorum_ott5346507,Fungi,y,37.1,17,1932.1,NA,248,52.07816712
Gutierrez,2011,Phalloceros_caudimaculatus,Phalloceros_caudimaculatus_ott808637,Animals,n,700,24,1477,NA,249,2.11
Song,2015,Phaseolus_vulgaris,Phaseolus_vulgaris_ott825707,Plants,n,586.8,11,1042.2,NA,250,1.77607362
Mathew,2014,Phoenix_dactylifera,Phoenix_dactylifera_ott789008,Plants,n,929.1,18,1293,NA,251,1.391669357
Kamisugi,2008,Physcomitrella_patens,Physcomitrella_patens_ott821359,Plants,n,477.948,27,4410,NA,252,9.226945191
vanderLee,2004,Phytophthora_infestans,Phytophthora_infestans_ott775725,SAR,y,240,9,1091,NA,253,4.545833333
Lind,2014,Picea_abies,Picea_abies_ott517943,Plants,n,18190.8,12,1889.2,NA,254,0.103854696
Friesline,2015,Pinus_balfouriana,Pinus_balfouriana_ott1044480,Plants,n,29281.32,12,1572.8,NA,255,0.053713425
Yang,2013,Pinus_elliottii,Pinus_elliottii_ott245809,Plants,n,22787.4,12,1036.3,NA,256,0.045476886
Chen,2010,Pinus_koraiensis,Pinus_koraiensis_ott830806,Plants,n,27579.6,12,857.46,NA,257,0.031090371
Jermstad,2011,Pinus_lambertiana,Pinus_lambertiana_ott568626,Plants,n,27602.7,12,1231,NA,258,0.044597087
Chen,2014,Pinus_massoniana,Pinus_massoniana_ott714296,Plants,n,25134.6,12,1956,NA,259,0.077821012
Chancerel,2013,Pinus_pinaster,Pinus_pinaster_ott837883,Plants,n,23814.3,12,1708,NA,260,0.071721613
Moraga-Suazo,2014,Pinus_radiata,Pinus_radiata_ott568644,Plants,n,21936.54,12,1060,NA,261,0.048321203
Westbrook,2015,Pinus_taeda,Pinus_taeda_ott1075736,Plants,n,21516,12,2305,NA,262,0.107129578
Boutet,2016,Pisum_sativum,Pinus_thunbergii_ott1075728,Plants,n,4772.64,7,1255,NA,263,0.262957189
Martinello,2005,Plasmodium_chabaudi,Plasmodium_chabaudi_ott724404,SAR,y,18.8678,14,1676,NA,264,88.82858627
Jiang,2011,Plasmodium_falciparum,Plasmodium_falciparum_ott201128,SAR,y,23.2703,14,2514,NA,265,108.0347052
Tripathi,2009,Poecilia_reticulata,Poecilia_reticulata_ott312452,Animals,n,865.53,23,899,gonochorous,266,1.038669948
Sirvio,2011,Pogonomyrmex_rugosus,Pogonomyrmex_rugosus_ott1042743,Animals,n,255,16,2823,male.haploid,267,11.07058824
Wang,2010,Populus_adenopoda,Populus_adenopoda_ott5763644,Plants,n,508.56,19,2178.5,NA,268,4.283663678
Paolucci,2010,Populus_alba,Populus_alba_ott1030862,Plants,n,508.56,19,3027.1,NA,269,5.952296681
Mousavi,2016,Populus_deltoides,Populus_deltoides_ott8867,Plants,n,500,19,4067.16,NA,270,8.13432
Gaudet,2008,Populus_nigra,Populus_nigra_ott8848,Plants,n,514.0368,19,2278.5,NA,271,4.432562027
Pakull,2009,Populus_tremula,Populus_tremula_ott839584,Plants,n,469.44,19,1542.35,NA,272,3.285510395
Liu,2012,Portunus_trituberculatus,Portunus_trituberculatus_ott718120,Animals,n,2259.18,53,3519.45,gonochorous,273,1.557843996
Feng,2016,Primulina_eburnea,Primulina_eburnea_ott5264953,Plants,n,1985.34,18,3774.7,NA,274,1.90128643
Srinivasan,2002,Pristionchus_pacificus,Pristionchus_pacificus_ott197875,Animals,n,133.114,6,338.6,NA,275,2.543684361
Lalli,2008,Prunus_armeniaca,Prunus_armeniaca_ott217632,Plants,n,293.4,8,522.69,NA,276,1.781492843
Wang,2015,Prunus_avium,Prunus_avium_ott162547,Plants,n,342.3,8,849,NA,277,2.480280456
Tavassolian,2010,Prunus_dulcis,Prunus_dulcis_ott731568,Plants,n,240,8,591.4,NA,278,2.464166667
Cao,2011,Prunus_kansuensis,Prunus_kansuensis_ott1020749,Plants,n,293.4,8,616,NA,279,2.099522836
Zhang,2015,Prunus_mume,Prunus_mume_ott426562,Plants,n,234.03,8,1550.62,NA,280,6.625731744
Nunez-Lillo,2015,Prunus_persica,Prunus_persica_ott259054,Plants,n,273.84,8,389.2,NA,281,1.421267894
Arango_Isaza,2016,Pseudocercospora_fijiensis,Pseudocercospora_eucalypticola_ott4073293,Fungi,y,74.1412,12,1416,NA,282,19.09869276
Harel-Beja,2015,Punica_granatum,Punica_granatum_ott646814,Plants,n,704.16,8,1141,NA,283,1.62037037
Wu,2014,Pyrus_communis,Pyrus_communis_ott972654,Plants,n,537.9,17,2243.4,NA,284,4.170663692
Bodenes,2016,Quercus_,Pyrus_ussuriensis_ott116277,Plants,n,909.5,12,742,NA,285,0.815832875
Cano,2011,Rana_temporaria,Rana_temporaria_ott14718,Animals,n,4169.21,13,1698.8,gonochorous,286,0.407463284
Mun,2015,Raphanus_sativus,Raphanus_sativus_ott359073,Plants,n,978,9,1538,NA,287,1.572597137
Steen,1999,Rattus_norvegicus,Rattus_norvegicus_ott271555,Animals,n,3286.08,22,1503,gonochorous,288,0.457383874
Schlipallus,2002,Rhyzopertha_dominica,Rhyzopertha_dominica_ott633644,Animals,n,476,9,390.1,NA,289,0.819537815
Rukam,2016,Ricinus_communis,Ricinus_communis_ott339346,Plants,n,508.56,10,1551,NA,290,3.049787636
Ward,2013,Rubus_idaeus,Rubus_idaeus_ott156929,Plants,n,311.982,7,462.7,NA,291,1.483098384
Bushakra,2012,Rubus_occidentalis,Rubus_occidentalis_ott670811,Plants,n,293.4,7,309,NA,292,1.053169734
Nie,2017,Ruditapes_philippinarum,Ruditapes_philippinarum_ott913666,Animals,n,1967,19,1926.98,NA,293,0.979654296
Zhang,2015,Saccharina_japonica,Saccharina_japonica_ott246789,SAR,n,543.426,31,1782.75,NA,294,3.28057546
Tsai,2016,Salmo_salar,Salmo_salar_ott688328,Animals,n,3048.426,29,5961,gonochorous,295,1.955435362
Leitwein,2017,Salmo_trutta,Salmo_trutta_ott688332,Animals,n,2875.32,40,1403,gonochorous,296,0.48794569
Liu,2016,Salvia_miltiorrhiza,Salvia_miltiorrhiza_ott847543,Plants,n,615,8,1516,NA,297,2.46504065
Criscione,2009,Schistosoma_mansoni,Schistosoma_mansoni_ott191483,Animals,y,364.538,8,1134.84,gonochorous,298,3.113091091
Hollenbeck,2015,Sciaenops_ocellatus,Sciaenops_ocellatus_ott433079,Animals,n,381.42,24,1815.3,NA,299,4.759320434
Shen,2014,Scleropages_formosus,Scleropages_formosus_ott335717,Animals,n,777.359,22,2218.3,gonochorous,300,2.853636479
Wang,2015,Scophthalmus_maximus,Scophthalmus_maximus_ott778695,Animals,n,841.08,22,2622.09,NA,301,3.117527465
Ma,2016,Scylla_paramamosain,Scylla_paramamosain_ott1084541,Animals,n,1603.92,44,2746.4,gonochorous,302,1.712304853
Milczarski,2015,Secale_cereale,Secale_cereale_ott553015,Plants,n,8097.84,7,1593,NA,303,0.196719125
Aoki,2015,Seriola_quinqueradiata,Seriola_quinqueradiata_ott186469,Animals,n,811.74,24,1128.595,NA,304,1.390340503
Zhang,2016,Sesamum_indicum,Sesamum_indicum_ott504628,Plants,n,948.66,16,2981.28,NA,305,3.142622225
Fang,2016,Setaria_italica,Setaria_italica_ott553005,Plants,n,518.34,9,1318.8,NA,306,2.544275958
Bergero,2013,Silene_latifolia,Silene_latifolia_ott609504,Plants,n,2640.6,12,671.1,NA,307,0.254146785
Javidfar,2013,Sinapis_alba,Sinapis_alba_ott359058,Plants,n,489,12,890.4,NA,308,1.820858896
Viquez-Zamora,2014,Solanum_lycopersicum,Solanum_lycopersicum_ott378964,Plants,n,823.786,12,1297.3,NA,309,1.574802194
Fukuoka,2012,Solanum_melongena,Solanum_melongena_ott494843,Plants,n,958.44,12,1285.5,NA,310,1.341242018
vandenOever-vandenElsen,2016,Solanum_pennellii,Solanum_pennellii_ott1069768,Plants,n,926.426,12,789.7,NA,311,0.852415627
Chen,2014,Solanum_pimpinellifolium,Solanum_pimpinellifolium_ott797186,Plants,n,688.247,12,1567.5,NA,312,2.277525365
Endelman,2016,Solanum_tuberosum,Solanum_tuberosum_ott494835,Plants,n,860.64,12,883,NA,313,1.025980666
Ji,2017,Sorghum_bicolor,Sorghum_bicolor_ott552986,Plants,n,1188.27,10,2158,NA,314,1.81608557
Palaiokostas,2016,Sparus_aurata,Sparus_aurata_ott760723,Animals,n,929.1,24,3899,hermaphrodite,315,4.19653428
Chan-Navarrete,2016,Spinacia_oleracea,Spinacia_oleracea_ott317784,Plants,n,1007.3,6,433.6,NA,316,0.430457659
Nemetschke,2010,Strongyloides_ratti,Strongyloides_ratti_ott1040287,Animals,y,43.1502,3,90.2,parthenogenic,317,2.090372698
Tortereau,2012,Sus_scrofa,Sus_scrofa_ott730013,Animals,n,2922.264,20,2012,gonochorous,318,0.688507267
Backstrom,2010,Taeniopygia_guttata,Taeniopygia_guttata_ott708327,Animals,n,1222.5,35,1479,gonochorous,319,1.209815951
Kai,2005,Takifugu_rubripes,Takifugu_rubripes_ott65341,Animals,n,391.2,22,1696.3,gonochorous,320,4.336145194
Arias,2016,Taraxacum_koksaghyz,Taraxacum_kok_saghyz_ott843397,Plants,n,1420,8,894.1,NA,321,0.629647887
Royaert,2016,Theobroma_cacao,Theobroma_cacao_ott388185,Plants,n,420.5,10,852.8,NA,322,2.028061831
Uchino,2016,Thunnus_orientalis,Thunnus_orientalis_ott833202,Animals,n,800,24,1162.6,gonochorous,323,1.45325
Foley,2011,Tigriopus_californicus,Tigriopus_californicus_ott461524,Animals,n,244.5,12,401,gonochorous,324,1.6400818
Lorenzen,2005,Tribolium_castaneum,Tribolium_castaneum_ott148904,Animals,n,202.935,10,571,gonochorous,325,2.813708823
Yezerski,2003,Tribolium_confusum,Tribolium_echinatum_ott677520,Animals,n,245,8,968,gonochorous,326,3.951020408
Laurent,1998,Trichogramma_brassicae,Trichogramma_brassicae_ott137951,Animals,y,246,5,1330,male.haploid,327,5.406504065
Hirakawa,2016,Trifolium_pratense,Trifolium_pratense_ott839027,Plants,n,528.12,7,2084,NA,328,3.946072862
Griffiths,2013,Trifolium_repens,Trifolium_repens_ott116218,Plants,n,1095.36,16,1274,NA,329,1.163087935
Ghamkhar,2012,Trifolium_subterraneum,Trifolium_subterraneum_ott539553,Plants,n,547.68,8,1701.7,NA,330,3.107106339
Zhai,2016,Triticum_aestivum,Triticum_aestivum_ott31926,Plants,n,16948.74,21,2875.3,NA,331,0.169646829
MacLeod,2005,Trypanosoma_brucei,Trypanosoma_brucei_ott494245,SAR,y,22.1481,11,1157.5,NA,332,52.2618193
Shan,2015,Undaria_pinnatifida,Undaria_pinnatifida_ott616561,SAR,n,560,30,1816.28,NA,333,3.243357143
McCallum,2016,Vaccinium_corymbosum,Vaccinium_corymbosum_ott567253,Plants,n,655.26,12,1621,NA,334,2.473827183
Covarrubias-Pazaran,2016,Vaccinium_macrocarpon,Vaccinium_macrocarpon_ott295602,Plants,n,414.622,12,1112,NA,335,2.681960919
Lepers-Andrzejewski,2012,Vanilla_tahitensis,Vanilla_tahitensis_ott1064791,Plants,n,5603.94,13,1035.85,NA,336,0.184843164
Sirvio,2011,Vespula_vulgaris,Vespula_vulgaris_ott52839,Animals,n,219.8,25,2129,male.haploid,337,9.686078253
Kaur,2014,Vicia_faba,Vicia_faba_ott539544,Plants,n,17622.582,6,1216.8,NA,338,0.069047771
Liu,2016,Vigna_angularis,Vigna_angularis_ott1065959,Plants,n,537.9,11,1628.15,NA,339,3.026863729
Gupta,2008,Vigna_mungo,Vigna_mungo_ott1065954,Plants,n,537.9,11,865.1,NA,340,1.608291504
Wang,2016,Vigna_radiata,Vigna_radiata_ott806245,Plants,n,894.87,11,732.9,NA,341,0.819001643
Kongjaimun,2012,Vigna_unguiculata,Vigna_unguiculata_ott1065941,Plants,n,586.8,11,852.4,NA,342,1.452624404
Marubodee,2015,Vigna_vexillata,Vigna_vexillata_ott581960,Plants,n,567.24,11,973.9,NA,343,1.71690995
Liu,2013,Vitis_amurensis,Vitis_amurensis_ott805071,Plants,n,489,19,1123,NA,344,2.296523517
Zhang,2009,Vitis_cinerea,Vitis_cinerea_ott314458,Plants,n,489,19,1155.98,NA,345,2.36396728
Guo,2015,Vitis_vinifera,Vitis_vinifera_ott756728,Plants,n,446.946,19,1929.13,NA,346,4.316248495
Wells,2011,Xenopus_tropicalis,Xenopus_tropicalis_ott940184,Animals,n,1440.4,10,1668,gonochorous,347,1.158011663
Amores,2014,Xiphophorus_maculatus,Xiphophorus_maculatus_ott416852,Animals,n,885.09,24,1328.3,gonochorous,348,1.500751336
Zhou,2016,Zea_mays,Zea_mays_ott605194,Plants,n,2669.9,10,1545.65,NA,349,0.578916813
Zhang,2016,Ziziphus_jujuba,Ziziphus_jujuba_ott73483,Plants,n,437.754,12,1456.53,NA,350,3.327279705
Wang,2015,Zoysia_japonica,Zoysia_japonica_ott586007,Plants,n,420.54,20,1337.2,NA,351,3.179721311
Huang,2016,Zoysia_matrella,Zoysia_matrella_ott205630,Plants,n,563.439,20,1824.95,NA,352,3.238948671
Lendenmann,2014,Zymoseptoria_tritici,Zymoseptoria_tritici_ott906425,Fungi,y,39.6863,21,4255.4,NA,353,107.2259193